date;host;searches
01.01.2016;iOS;23833
01.01.2016;mobile_web;8708
02.01.2016;Android;1
02.01.2016;iOS;25793
02.01.2016;mobile_web;9012
03.01.2016;Android;5
03.01.2016;iOS;30181
03.01.2016;mobile_web;10810
04.01.2016;Android;23
04.01.2016;iOS;30813
04.01.2016;mobile_web;11571
05.01.2016;Android;2
05.01.2016;iOS;32686
05.01.2016;mobile_web;11506
06.01.2016;Android;15
06.01.2016;iOS;30060
06.01.2016;mobile_web;7600
07.01.2016;Android;9
07.01.2016;iOS;30269
07.01.2016;mobile_web;8192
08.01.2016;Android;2
08.01.2016;iOS;28034
08.01.2016;mobile_web;10447
09.01.2016;Android;1
09.01.2016;iOS;26034
09.01.2016;mobile_web;8160
10.01.2016;Android;1
10.01.2016;iOS;26732
10.01.2016;mobile_web;9208
11.01.2016;Android;10
11.01.2016;iOS;29001
11.01.2016;mobile_web;9638
12.01.2016;Android;3
12.01.2016;iOS;28923
12.01.2016;mobile_web;9850
13.01.2016;Android;9
13.01.2016;iOS;29108
13.01.2016;mobile_web;7579
14.01.2016;Android;6
14.01.2016;iOS;25887
14.01.2016;mobile_web;8263
15.01.2016;Android;2
15.01.2016;iOS;25429
15.01.2016;mobile_web;7049
16.01.2016;iOS;19569
16.01.2016;mobile_web;7591
17.01.2016;Android;0
17.01.2016;iOS;23925
17.01.2016;mobile_web;8971
18.01.2016;Android;5
18.01.2016;iOS;24237
18.01.2016;mobile_web;7757
18.01.2016;web;0
19.01.2016;Android;7
19.01.2016;iOS;23288
19.01.2016;mobile_web;8852
20.01.2016;Android;10
20.01.2016;iOS;21981
20.01.2016;mobile_web;8577
21.01.2016;Android;7
21.01.2016;iOS;24948
21.01.2016;mobile_web;8285
22.01.2016;Android;3
22.01.2016;iOS;24726
22.01.2016;mobile_web;6224
23.01.2016;iOS;19533
23.01.2016;mobile_web;7494
24.01.2016;iOS;24128
24.01.2016;mobile_web;8674
25.01.2016;Android;10
25.01.2016;iOS;22200
25.01.2016;mobile_web;8002
26.01.2016;Android;4
26.01.2016;iOS;24062
26.01.2016;mobile_web;7041
27.01.2016;Android;5
27.01.2016;iOS;22074
27.01.2016;mobile_web;6720
28.01.2016;Android;4
28.01.2016;iOS;21349
28.01.2016;mobile_web;6743
29.01.2016;Android;10
29.01.2016;iOS;22255
29.01.2016;mobile_web;6548
30.01.2016;Android;10
30.01.2016;iOS;24413
30.01.2016;mobile_web;7498
31.01.2016;Android;11
31.01.2016;iOS;20425
31.01.2016;mobile_web;8654
01.02.2016;Android;20
01.02.2016;iOS;27024
01.02.2016;mobile_web;7888
02.02.2016;Android;21
02.02.2016;iOS;23327
02.02.2016;mobile_web;8356
03.02.2016;Android;24
03.02.2016;iOS;22379
03.02.2016;mobile_web;8670
04.02.2016;Android;16
04.02.2016;iOS;25576
04.02.2016;mobile_web;8047
05.02.2016;Android;42
05.02.2016;iOS;20778
05.02.2016;mobile_web;7556
06.02.2016;Android;32
06.02.2016;iOS;19500
06.02.2016;mobile_web;8478
07.02.2016;Android;41
07.02.2016;iOS;22104
07.02.2016;mobile_web;9725
08.02.2016;Android;477
08.02.2016;iOS;29750
08.02.2016;mobile_web;8285
09.02.2016;Android;529
09.02.2016;iOS;26339
09.02.2016;mobile_web;8492
10.02.2016;Android;623
10.02.2016;iOS;29808
10.02.2016;mobile_web;8749
11.02.2016;Android;2129
11.02.2016;iOS;30635
11.02.2016;mobile_web;7770
12.02.2016;Android;2729
12.02.2016;iOS;23661
12.02.2016;mobile_web;7235
13.02.2016;Android;2579
13.02.2016;iOS;21009
13.02.2016;mobile_web;8508
14.02.2016;Android;2945
14.02.2016;iOS;25544
14.02.2016;mobile_web;7754
15.02.2016;Android;4441
15.02.2016;iOS;31246
15.02.2016;mobile_web;8173
16.02.2016;Android;4611
16.02.2016;iOS;29662
16.02.2016;mobile_web;8404
17.02.2016;Android;4860
17.02.2016;iOS;25651
17.02.2016;mobile_web;8547
18.02.2016;Android;5090
18.02.2016;iOS;30005
18.02.2016;mobile_web;7450
19.02.2016;Android;4179
19.02.2016;iOS;27566
19.02.2016;mobile_web;7023
20.02.2016;Android;4671
20.02.2016;iOS;24350
20.02.2016;mobile_web;6762
21.02.2016;Android;4140
21.02.2016;iOS;25475
21.02.2016;mobile_web;9077
22.02.2016;Android;4612
22.02.2016;iOS;22692
22.02.2016;mobile_web;7969
23.02.2016;Android;4106
23.02.2016;iOS;21742
23.02.2016;mobile_web;9329
24.02.2016;Android;5087
24.02.2016;iOS;26662
24.02.2016;mobile_web;9187
25.02.2016;Android;5459
25.02.2016;iOS;21669
25.02.2016;mobile_web;9316
26.02.2016;Android;5243
26.02.2016;iOS;24663
26.02.2016;mobile_web;9201
27.02.2016;Android;4475
27.02.2016;iOS;21392
27.02.2016;mobile_web;8862
28.02.2016;Android;5172
28.02.2016;iOS;25078
28.02.2016;mobile_web;11064
29.02.2016;Android;4879
29.02.2016;iOS;24351
29.02.2016;mobile_web;10072
01.03.2016;Android;6317
01.03.2016;iOS;26042
01.03.2016;mobile_web;8384
02.03.2016;Android;6285
02.03.2016;iOS;23001
02.03.2016;mobile_web;9107
03.03.2016;Android;5931
03.03.2016;iOS;23239
03.03.2016;mobile_web;9312
04.03.2016;Android;6179
04.03.2016;iOS;24265
04.03.2016;mobile_web;9316
05.03.2016;Android;6125
05.03.2016;iOS;25457
05.03.2016;mobile_web;7628
06.03.2016;Android;5623
06.03.2016;iOS;24022
06.03.2016;mobile_web;8107
07.03.2016;Android;4563
07.03.2016;iOS;22876
07.03.2016;mobile_web;9094
08.03.2016;Android;4907
08.03.2016;iOS;24380
08.03.2016;mobile_web;8269
09.03.2016;Android;7461
09.03.2016;iOS;24429
09.03.2016;mobile_web;8717
10.03.2016;Android;6924
10.03.2016;iOS;29616
10.03.2016;mobile_web;9970
11.03.2016;Android;7089
11.03.2016;iOS;30612
11.03.2016;mobile_web;8146
12.03.2016;Android;6504
12.03.2016;iOS;21186
12.03.2016;mobile_web;8527
13.03.2016;Android;6326
13.03.2016;iOS;24941
13.03.2016;mobile_web;9996
14.03.2016;Android;6243
14.03.2016;iOS;31291
14.03.2016;mobile_web;9834
15.03.2016;Android;7970
15.03.2016;iOS;29972
15.03.2016;mobile_web;11543
16.03.2016;Android;7440
16.03.2016;iOS;27242
16.03.2016;mobile_web;11481
17.03.2016;Android;7105
17.03.2016;iOS;25452
17.03.2016;mobile_web;11075
18.03.2016;Android;6977
18.03.2016;iOS;23896
18.03.2016;mobile_web;10203
19.03.2016;Android;6967
19.03.2016;iOS;28119
19.03.2016;mobile_web;9725
20.03.2016;Android;7004
20.03.2016;iOS;22170
20.03.2016;mobile_web;10581
21.03.2016;Android;7746
21.03.2016;iOS;31288
21.03.2016;mobile_web;10183
22.03.2016;Android;6574
22.03.2016;iOS;28841
22.03.2016;mobile_web;9900
23.03.2016;Android;6538
23.03.2016;iOS;29542
23.03.2016;mobile_web;9761
24.03.2016;Android;7891
24.03.2016;iOS;28395
24.03.2016;mobile_web;8560
25.03.2016;Android;7066
25.03.2016;iOS;28621
25.03.2016;mobile_web;8881
26.03.2016;Android;6074
26.03.2016;iOS;23937
26.03.2016;mobile_web;9119
27.03.2016;Android;7165
27.03.2016;iOS;30225
27.03.2016;mobile_web;9571
28.03.2016;Android;8528
28.03.2016;iOS;31615
28.03.2016;mobile_web;9395
29.03.2016;Android;8315
29.03.2016;iOS;26223
29.03.2016;mobile_web;8401
30.03.2016;Android;7319
30.03.2016;iOS;28974
30.03.2016;mobile_web;8684
31.03.2016;Android;8778
31.03.2016;iOS;26807
31.03.2016;mobile_web;7266
01.04.2016;Android;8158
01.04.2016;iOS;22352
01.04.2016;mobile_web;7484
02.04.2016;Android;7117
02.04.2016;iOS;23077
02.04.2016;mobile_web;6961
03.04.2016;Android;7088
03.04.2016;iOS;22744
03.04.2016;mobile_web;7418
04.04.2016;Android;8904
04.04.2016;iOS;25932
04.04.2016;mobile_web;8885
05.04.2016;Android;7609
05.04.2016;iOS;28221
05.04.2016;mobile_web;8792
06.04.2016;Android;8238
06.04.2016;iOS;32202
06.04.2016;mobile_web;8560
07.04.2016;Android;7144
07.04.2016;iOS;27401
07.04.2016;mobile_web;8330
08.04.2016;Android;7551
08.04.2016;iOS;24074
08.04.2016;mobile_web;6357
09.04.2016;Android;6915
09.04.2016;iOS;20633
09.04.2016;mobile_web;7695
10.04.2016;Android;7816
10.04.2016;iOS;29232
10.04.2016;mobile_web;7208
11.04.2016;Android;8948
11.04.2016;iOS;33417
11.04.2016;mobile_web;7607
12.04.2016;Android;7740
12.04.2016;iOS;30217
12.04.2016;mobile_web;9365
13.04.2016;Android;8974
13.04.2016;iOS;29318
13.04.2016;mobile_web;9114
14.04.2016;Android;8169
14.04.2016;iOS;26027
14.04.2016;mobile_web;7442
15.04.2016;Android;7955
15.04.2016;iOS;23041
15.04.2016;mobile_web;7125
16.04.2016;Android;6971
16.04.2016;iOS;28298
16.04.2016;mobile_web;6924
17.04.2016;Android;7691
17.04.2016;iOS;28657
17.04.2016;mobile_web;8145
18.04.2016;Android;8634
18.04.2016;iOS;34664
18.04.2016;mobile_web;8446
19.04.2016;Android;8650
19.04.2016;iOS;34504
19.04.2016;mobile_web;8288
20.04.2016;Android;9430
20.04.2016;iOS;34353
20.04.2016;mobile_web;7914
21.04.2016;Android;8503
21.04.2016;iOS;30725
21.04.2016;mobile_web;9335
22.04.2016;Android;8591
22.04.2016;iOS;24474
22.04.2016;mobile_web;7755
23.04.2016;Android;6814
23.04.2016;iOS;25269
23.04.2016;mobile_web;7373
24.04.2016;Android;8039
24.04.2016;iOS;29442
24.04.2016;mobile_web;9879
25.04.2016;Android;9602
25.04.2016;iOS;36491
25.04.2016;mobile_web;9258
26.04.2016;Android;10198
26.04.2016;iOS;35261
26.04.2016;mobile_web;8435
27.04.2016;Android;8955
27.04.2016;iOS;37022
27.04.2016;mobile_web;8882
28.04.2016;Android;9765
28.04.2016;iOS;35790
28.04.2016;mobile_web;7437
29.04.2016;Android;8916
29.04.2016;iOS;29009
29.04.2016;mobile_web;8726
30.04.2016;Android;7636
30.04.2016;iOS;25827
30.04.2016;mobile_web;7104
01.05.2016;Android;6568
01.05.2016;iOS;25176
01.05.2016;mobile_web;7293
02.05.2016;Android;8150
02.05.2016;iOS;29441
02.05.2016;mobile_web;9390
03.05.2016;Android;8587
03.05.2016;iOS;28992
03.05.2016;mobile_web;10327
04.05.2016;Android;10958
04.05.2016;iOS;31125
04.05.2016;mobile_web;8139
05.05.2016;Android;10255
05.05.2016;iOS;34010
05.05.2016;mobile_web;8296
06.05.2016;Android;9120
06.05.2016;iOS;33012
06.05.2016;mobile_web;10448
07.05.2016;Android;7407
07.05.2016;iOS;26955
07.05.2016;mobile_web;7681
08.05.2016;Android;8633
08.05.2016;iOS;21140
08.05.2016;mobile_web;8846
09.05.2016;Android;6535
09.05.2016;iOS;22985
09.05.2016;mobile_web;7238
10.05.2016;Android;10795
10.05.2016;iOS;37922
10.05.2016;mobile_web;9208
11.05.2016;Android;11231
11.05.2016;iOS;33381
11.05.2016;mobile_web;10653
12.05.2016;Android;10675
12.05.2016;iOS;32368
12.05.2016;mobile_web;9202
13.05.2016;Android;10184
13.05.2016;iOS;27024
13.05.2016;mobile_web;9842
14.05.2016;Android;9606
14.05.2016;iOS;24977
14.05.2016;mobile_web;9226
15.05.2016;Android;8847
15.05.2016;iOS;31453
15.05.2016;mobile_web;8691
16.05.2016;Android;10131
16.05.2016;iOS;35383
16.05.2016;mobile_web;9877
17.05.2016;Android;10617
17.05.2016;iOS;37896
17.05.2016;mobile_web;8923
18.05.2016;Android;10387
18.05.2016;iOS;37369
18.05.2016;mobile_web;9324
19.05.2016;Android;9240
19.05.2016;iOS;28943
19.05.2016;mobile_web;10870
20.05.2016;Android;9004
20.05.2016;iOS;30184
20.05.2016;mobile_web;10064
21.05.2016;Android;8618
21.05.2016;iOS;24195
21.05.2016;mobile_web;9006
22.05.2016;Android;10421
22.05.2016;iOS;29932
22.05.2016;mobile_web;9914
23.05.2016;Android;12504
23.05.2016;iOS;31019
23.05.2016;mobile_web;11386
24.05.2016;Android;11319
24.05.2016;iOS;37614
24.05.2016;mobile_web;9435
25.05.2016;Android;10638
25.05.2016;iOS;36202
25.05.2016;mobile_web;10022
26.05.2016;Android;11779
26.05.2016;iOS;29278
26.05.2016;mobile_web;11007
27.05.2016;Android;9234
27.05.2016;iOS;28715
27.05.2016;mobile_web;8406
28.05.2016;Android;8262
28.05.2016;iOS;23377
28.05.2016;mobile_web;8103
29.05.2016;Android;9050
29.05.2016;iOS;31315
29.05.2016;mobile_web;10512
30.05.2016;Android;10648
30.05.2016;iOS;29938
30.05.2016;mobile_web;11760
31.05.2016;Android;11325
31.05.2016;iOS;36726
31.05.2016;mobile_web;12261
01.06.2016;Android;12493
01.06.2016;iOS;43052
01.06.2016;mobile_web;10457
02.06.2016;Android;12022
02.06.2016;iOS;31723
02.06.2016;mobile_web;11499
03.06.2016;Android;13099
03.06.2016;iOS;28984
03.06.2016;mobile_web;12017
04.06.2016;Android;12893
04.06.2016;iOS;29592
04.06.2016;mobile_web;11442
05.06.2016;Android;11750
05.06.2016;iOS;30144
05.06.2016;mobile_web;10475
06.06.2016;Android;12874
06.06.2016;iOS;43332
06.06.2016;mobile_web;10977
07.06.2016;Android;14175
07.06.2016;iOS;42571
07.06.2016;mobile_web;13470
08.06.2016;Android;14945
08.06.2016;iOS;38084
08.06.2016;mobile_web;12248
09.06.2016;Android;14230
09.06.2016;iOS;36171
09.06.2016;mobile_web;12198
10.06.2016;Android;12588
10.06.2016;iOS;36659
10.06.2016;mobile_web;12210
11.06.2016;Android;11537
11.06.2016;iOS;27042
11.06.2016;mobile_web;10046
12.06.2016;Android;11653
12.06.2016;iOS;35456
12.06.2016;mobile_web;10635
13.06.2016;Android;10923
13.06.2016;iOS;38773
13.06.2016;mobile_web;13553
14.06.2016;Android;12113
14.06.2016;iOS;44248
14.06.2016;mobile_web;13066
15.06.2016;Android;11437
15.06.2016;iOS;34233
15.06.2016;mobile_web;10560
16.06.2016;Android;10834
16.06.2016;iOS;33472
16.06.2016;mobile_web;10860
17.06.2016;Android;10102
17.06.2016;iOS;30104
17.06.2016;mobile_web;11452
18.06.2016;Android;11612
18.06.2016;iOS;35605
18.06.2016;mobile_web;11186
19.06.2016;Android;9920
19.06.2016;iOS;34602
19.06.2016;mobile_web;12533
20.06.2016;Android;13568
20.06.2016;iOS;36953
20.06.2016;mobile_web;12361
21.06.2016;Android;11622
21.06.2016;iOS;41093
21.06.2016;mobile_web;12890
22.06.2016;Android;13477
22.06.2016;iOS;36842
22.06.2016;mobile_web;12579
23.06.2016;Android;13563
23.06.2016;iOS;42600
23.06.2016;mobile_web;12118
24.06.2016;Android;12929
24.06.2016;iOS;35233
24.06.2016;mobile_web;11898
25.06.2016;Android;10699
25.06.2016;iOS;29614
25.06.2016;mobile_web;11442
26.06.2016;Android;10973
26.06.2016;iOS;38018
26.06.2016;mobile_web;14201
27.06.2016;Android;13811
27.06.2016;iOS;42487
27.06.2016;mobile_web;14593
28.06.2016;Android;15075
28.06.2016;iOS;39492
28.06.2016;mobile_web;13562
29.06.2016;Android;15493
29.06.2016;iOS;44658
29.06.2016;mobile_web;13315
30.06.2016;Android;14054
30.06.2016;iOS;41281
30.06.2016;mobile_web;13862
01.07.2016;Android;13026
01.07.2016;iOS;36078
01.07.2016;mobile_web;11413
02.07.2016;Android;12049
02.07.2016;iOS;29226
02.07.2016;mobile_web;12047
03.07.2016;Android;13265
03.07.2016;iOS;36172
03.07.2016;mobile_web;11842
04.07.2016;Android;15616
04.07.2016;iOS;45912
04.07.2016;mobile_web;14232
05.07.2016;Android;13220
05.07.2016;iOS;39258
05.07.2016;mobile_web;11663
06.07.2016;Android;15533
06.07.2016;iOS;47427
06.07.2016;mobile_web;14379
07.07.2016;Android;13262
07.07.2016;iOS;47905
07.07.2016;mobile_web;12514
08.07.2016;Android;12558
08.07.2016;iOS;40768
08.07.2016;mobile_web;11974
09.07.2016;Android;13266
09.07.2016;iOS;39477
09.07.2016;mobile_web;11461
10.07.2016;Android;13959
10.07.2016;iOS;34593
10.07.2016;mobile_web;11273
11.07.2016;Android;14690
11.07.2016;iOS;41094
11.07.2016;mobile_web;13029
12.07.2016;Android;15069
12.07.2016;iOS;50968
12.07.2016;mobile_web;12448
13.07.2016;Android;15021
13.07.2016;iOS;39473
13.07.2016;mobile_web;13917
14.07.2016;Android;13103
14.07.2016;iOS;46241
14.07.2016;mobile_web;12023
15.07.2016;Android;12163
15.07.2016;iOS;37387
15.07.2016;mobile_web;12904
16.07.2016;Android;11560
16.07.2016;iOS;34954
16.07.2016;mobile_web;11212
17.07.2016;Android;13135
17.07.2016;iOS;40638
17.07.2016;mobile_web;11553
18.07.2016;Android;14959
18.07.2016;iOS;41443
18.07.2016;mobile_web;13061
19.07.2016;Android;14056
19.07.2016;iOS;38293
19.07.2016;mobile_web;13145
20.07.2016;Android;15977
20.07.2016;iOS;39174
20.07.2016;mobile_web;13378
21.07.2016;Android;11922
21.07.2016;iOS;39424
21.07.2016;mobile_web;12009
22.07.2016;Android;11310
22.07.2016;iOS;42976
22.07.2016;mobile_web;11089
23.07.2016;Android;11429
23.07.2016;iOS;35703
23.07.2016;mobile_web;10338
24.07.2016;Android;12767
24.07.2016;iOS;36164
24.07.2016;mobile_web;11559
25.07.2016;Android;13484
25.07.2016;iOS;37929
25.07.2016;mobile_web;11746
26.07.2016;Android;13470
26.07.2016;iOS;37384
26.07.2016;mobile_web;13851
27.07.2016;Android;11750
27.07.2016;iOS;35545
27.07.2016;mobile_web;12856
28.07.2016;Android;11396
28.07.2016;iOS;41954
28.07.2016;mobile_web;11375
29.07.2016;Android;12558
29.07.2016;iOS;42353
29.07.2016;mobile_web;10260
30.07.2016;Android;10482
30.07.2016;iOS;33316
30.07.2016;mobile_web;9434
31.07.2016;Android;11191
31.07.2016;iOS;37430
31.07.2016;mobile_web;10147
01.08.2016;Android;14696
01.08.2016;iOS;35466
01.08.2016;mobile_web;12268
02.08.2016;Android;12431
02.08.2016;iOS;46775
02.08.2016;mobile_web;12757
03.08.2016;Android;14094
03.08.2016;iOS;33823
03.08.2016;mobile_web;13513
04.08.2016;Android;11167
04.08.2016;iOS;36258
04.08.2016;mobile_web;13187
05.08.2016;Android;13358
05.08.2016;iOS;31072
05.08.2016;mobile_web;12102
06.08.2016;Android;9375
06.08.2016;iOS;33004
06.08.2016;mobile_web;11029
07.08.2016;Android;11160
07.08.2016;iOS;34704
07.08.2016;mobile_web;12396
08.08.2016;Android;13458
08.08.2016;iOS;44238
08.08.2016;mobile_web;13787
09.08.2016;Android;12822
09.08.2016;iOS;40411
09.08.2016;mobile_web;12913
10.08.2016;Android;14368
10.08.2016;iOS;35449
10.08.2016;mobile_web;12453
11.08.2016;Android;12566
11.08.2016;iOS;36881
11.08.2016;mobile_web;11571
12.08.2016;Android;10992
12.08.2016;iOS;38422
12.08.2016;mobile_web;10263
13.08.2016;Android;11340
13.08.2016;iOS;32997
13.08.2016;mobile_web;11086
14.08.2016;Android;11624
14.08.2016;iOS;30029
14.08.2016;mobile_web;11000
15.08.2016;Android;13642
15.08.2016;iOS;41094
15.08.2016;mobile_web;12474
16.08.2016;Android;12276
16.08.2016;iOS;32317
16.08.2016;mobile_web;10007
17.08.2016;Android;12683
17.08.2016;iOS;38607
17.08.2016;mobile_web;12275
18.08.2016;Android;13388
18.08.2016;iOS;39571
18.08.2016;mobile_web;9631
19.08.2016;Android;12479
19.08.2016;iOS;34836
19.08.2016;mobile_web;8476
20.08.2016;Android;11113
20.08.2016;iOS;29930
20.08.2016;mobile_web;9595
21.08.2016;Android;10619
21.08.2016;iOS;36702
21.08.2016;mobile_web;11102
22.08.2016;Android;13394
22.08.2016;iOS;35024
22.08.2016;mobile_web;9331
23.08.2016;Android;12799
23.08.2016;iOS;32689
23.08.2016;mobile_web;9132
24.08.2016;Android;13068
24.08.2016;iOS;42006
24.08.2016;mobile_web;10541
25.08.2016;Android;12675
25.08.2016;iOS;39511
25.08.2016;mobile_web;9874
26.08.2016;Android;11615
26.08.2016;iOS;34842
26.08.2016;mobile_web;8157
27.08.2016;Android;9676
27.08.2016;iOS;24889
27.08.2016;mobile_web;10071
28.08.2016;Android;10607
28.08.2016;iOS;27219
28.08.2016;mobile_web;10389
29.08.2016;Android;10892
29.08.2016;iOS;39415
29.08.2016;mobile_web;11627
30.08.2016;Android;12013
30.08.2016;iOS;36521
30.08.2016;mobile_web;11963
31.08.2016;Android;13491
31.08.2016;iOS;30640
31.08.2016;mobile_web;11795
01.09.2016;Android;11206
01.09.2016;iOS;33093
01.09.2016;mobile_web;10012
02.09.2016;Android;12065
02.09.2016;iOS;32706
02.09.2016;mobile_web;9279
03.09.2016;Android;10576
03.09.2016;iOS;28291
03.09.2016;mobile_web;9225
04.09.2016;Android;12581
04.09.2016;iOS;35198
04.09.2016;mobile_web;10629
05.09.2016;Android;11150
05.09.2016;iOS;36363
05.09.2016;mobile_web;11492
06.09.2016;Android;11676
06.09.2016;iOS;30521
06.09.2016;mobile_web;11880
07.09.2016;Android;12833
07.09.2016;iOS;34874
07.09.2016;mobile_web;10285
08.09.2016;Android;10638
08.09.2016;iOS;33318
08.09.2016;mobile_web;10432
09.09.2016;Android;10319
09.09.2016;iOS;31439
09.09.2016;mobile_web;10875
10.09.2016;Android;11070
10.09.2016;iOS;27990
10.09.2016;mobile_web;8858
11.09.2016;Android;9476
11.09.2016;iOS;28173
11.09.2016;mobile_web;10304
12.09.2016;Android;11715
12.09.2016;iOS;37183
12.09.2016;mobile_web;8944
13.09.2016;Android;12344
13.09.2016;iOS;37264
13.09.2016;mobile_web;10414
14.09.2016;Android;12425
14.09.2016;iOS;29986
14.09.2016;mobile_web;10615
15.09.2016;Android;12173
15.09.2016;iOS;30016
15.09.2016;mobile_web;11374
16.09.2016;Android;11215
16.09.2016;iOS;35299
16.09.2016;mobile_web;9256
17.09.2016;Android;11034
17.09.2016;iOS;26410
17.09.2016;mobile_web;8139
18.09.2016;Android;9546
18.09.2016;iOS;30246
18.09.2016;mobile_web;10547
19.09.2016;Android;12817
19.09.2016;iOS;27120
19.09.2016;mobile_web;9818
20.09.2016;Android;11463
20.09.2016;iOS;33389
20.09.2016;mobile_web;11117
21.09.2016;Android;11934
21.09.2016;iOS;37380
21.09.2016;mobile_web;8674
22.09.2016;Android;10751
22.09.2016;iOS;37158
22.09.2016;mobile_web;10476
23.09.2016;Android;10992
23.09.2016;iOS;31478
23.09.2016;mobile_web;8825
24.09.2016;Android;9948
24.09.2016;iOS;21550
24.09.2016;mobile_web;7763
25.09.2016;Android;9184
25.09.2016;iOS;27996
25.09.2016;mobile_web;8377
26.09.2016;Android;9816
26.09.2016;iOS;30837
26.09.2016;mobile_web;9326
27.09.2016;Android;10875
27.09.2016;iOS;30084
27.09.2016;mobile_web;10783
28.09.2016;Android;10708
28.09.2016;iOS;29488
28.09.2016;mobile_web;10137
29.09.2016;Android;9674
29.09.2016;iOS;33311
29.09.2016;mobile_web;9185
30.09.2016;Android;9449
30.09.2016;iOS;30038
30.09.2016;mobile_web;9589
01.10.2016;Android;9613
01.10.2016;iOS;26135
01.10.2016;mobile_web;7867
02.10.2016;Android;9936
02.10.2016;iOS;26139
02.10.2016;mobile_web;10361
03.10.2016;Android;12663
03.10.2016;iOS;28721
03.10.2016;mobile_web;8584
04.10.2016;Android;10901
04.10.2016;iOS;32674
04.10.2016;mobile_web;9280
05.10.2016;Android;12020
05.10.2016;iOS;30361
05.10.2016;mobile_web;10199
06.10.2016;Android;10919
06.10.2016;iOS;24631
06.10.2016;mobile_web;9430
07.10.2016;Android;9781
07.10.2016;iOS;25770
07.10.2016;mobile_web;9382
08.10.2016;Android;10825
08.10.2016;iOS;28877
08.10.2016;mobile_web;8172
09.10.2016;Android;9881
09.10.2016;iOS;25543
09.10.2016;mobile_web;9971
10.10.2016;Android;12794
10.10.2016;iOS;34777
10.10.2016;mobile_web;10209
11.10.2016;Android;11870
11.10.2016;iOS;29594
11.10.2016;mobile_web;11276
12.10.2016;Android;11363
12.10.2016;iOS;30515
12.10.2016;mobile_web;9586
13.10.2016;Android;11912
13.10.2016;iOS;28934
13.10.2016;mobile_web;9433
14.10.2016;Android;9681
14.10.2016;iOS;24141
14.10.2016;mobile_web;10292
15.10.2016;Android;11049
15.10.2016;iOS;27879
15.10.2016;mobile_web;7600
16.10.2016;Android;12340
16.10.2016;iOS;31564
16.10.2016;mobile_web;10226
17.10.2016;Android;10080
17.10.2016;iOS;35499
17.10.2016;mobile_web;1787
18.10.2016;Android;12038
18.10.2016;iOS;32092
18.10.2016;mobile_web;73
19.10.2016;Android;12250
19.10.2016;iOS;25475
19.10.2016;mobile_web;38
20.10.2016;Android;10334
20.10.2016;iOS;33813
20.10.2016;mobile_web;33
21.10.2016;Android;9726
21.10.2016;iOS;26356
21.10.2016;mobile_web;22
22.10.2016;Android;10792
22.10.2016;iOS;25782
22.10.2016;mobile_web;21
23.10.2016;Android;11636
23.10.2016;iOS;29999
23.10.2016;mobile_web;12
24.10.2016;Android;11317
24.10.2016;iOS;35787
24.10.2016;mobile_web;7215
25.10.2016;Android;12475
25.10.2016;iOS;29809
25.10.2016;mobile_web;10741
26.10.2016;Android;11491
26.10.2016;iOS;27977
26.10.2016;mobile_web;10390
27.10.2016;Android;10702
27.10.2016;iOS;29881
27.10.2016;mobile_web;9102
28.10.2016;Android;9986
28.10.2016;iOS;29496
28.10.2016;mobile_web;9853
29.10.2016;Android;11258
29.10.2016;iOS;26714
29.10.2016;mobile_web;9136
30.10.2016;Android;10013
30.10.2016;iOS;30761
30.10.2016;mobile_web;9812
31.10.2016;Android;12002
31.10.2016;iOS;34983
31.10.2016;mobile_web;8675
01.11.2016;Android;12280
01.11.2016;iOS;33967
01.11.2016;mobile_web;8441
02.11.2016;Android;12331
02.11.2016;iOS;32894
02.11.2016;mobile_web;9577
03.11.2016;Android;12984
03.11.2016;iOS;30470
03.11.2016;mobile_web;9228
04.11.2016;Android;12115
04.11.2016;iOS;24795
04.11.2016;mobile_web;8865
05.11.2016;Android;10554
05.11.2016;iOS;28084
05.11.2016;mobile_web;8043
06.11.2016;Android;12027
06.11.2016;iOS;27944
06.11.2016;mobile_web;9262
07.11.2016;Android;12345
07.11.2016;iOS;32598
07.11.2016;mobile_web;9461
08.11.2016;Android;12065
08.11.2016;iOS;34240
08.11.2016;mobile_web;8762
09.11.2016;Android;12828
09.11.2016;iOS;25528
09.11.2016;mobile_web;8819
10.11.2016;Android;10669
10.11.2016;iOS;31361
10.11.2016;mobile_web;9258
11.11.2016;Android;9853
11.11.2016;iOS;27644
11.11.2016;mobile_web;8629
12.11.2016;Android;9624
12.11.2016;iOS;25026
12.11.2016;mobile_web;9441
13.11.2016;Android;11210
13.11.2016;iOS;24400
13.11.2016;mobile_web;8710
14.11.2016;Android;11177
14.11.2016;iOS;30180
14.11.2016;mobile_web;11090
15.11.2016;Android;10925
15.11.2016;iOS;31552
15.11.2016;mobile_web;9579
16.11.2016;Android;13237
16.11.2016;iOS;28981
16.11.2016;mobile_web;10106
17.11.2016;Android;11598
17.11.2016;iOS;26747
17.11.2016;mobile_web;8992
18.11.2016;Android;11939
18.11.2016;iOS;29461
18.11.2016;mobile_web;9797
19.11.2016;Android;11441
19.11.2016;iOS;31558
19.11.2016;mobile_web;9694
20.11.2016;Android;12616
20.11.2016;iOS;27938
20.11.2016;mobile_web;9630
21.11.2016;Android;12094
21.11.2016;iOS;34148
21.11.2016;mobile_web;9215
22.11.2016;Android;11091
22.11.2016;iOS;33981
22.11.2016;mobile_web;10368
23.11.2016;Android;11312
23.11.2016;iOS;29014
23.11.2016;mobile_web;9124
24.11.2016;Android;13044
24.11.2016;iOS;33888
24.11.2016;mobile_web;9515
25.11.2016;Android;12379
25.11.2016;iOS;34693
25.11.2016;mobile_web;8494
26.11.2016;Android;10918
26.11.2016;iOS;26904
26.11.2016;mobile_web;8131
27.11.2016;Android;12238
27.11.2016;iOS;30870
27.11.2016;mobile_web;8236
28.11.2016;Android;10959
28.11.2016;iOS;34437
28.11.2016;mobile_web;10536
29.11.2016;Android;11065
29.11.2016;iOS;29521
29.11.2016;mobile_web;10491
30.11.2016;Android;10407
30.11.2016;iOS;30631
30.11.2016;mobile_web;8432
01.12.2016;Android;11699
01.12.2016;iOS;35012
01.12.2016;mobile_web;10432
02.12.2016;Android;9932
02.12.2016;iOS;29069
02.12.2016;mobile_web;9873
03.12.2016;Android;9486
03.12.2016;iOS;23015
03.12.2016;mobile_web;9756
04.12.2016;Android;10732
04.12.2016;iOS;29173
04.12.2016;mobile_web;10056
05.12.2016;Android;10877
05.12.2016;iOS;26424
05.12.2016;mobile_web;8886
06.12.2016;Android;12167
06.12.2016;iOS;29640
06.12.2016;mobile_web;8665
07.12.2016;Android;12062
07.12.2016;iOS;35254
07.12.2016;mobile_web;9518
08.12.2016;Android;11980
08.12.2016;iOS;28162
08.12.2016;mobile_web;8778
09.12.2016;Android;9678
09.12.2016;iOS;24890
09.12.2016;mobile_web;9597
10.12.2016;Android;9510
10.12.2016;iOS;22481
10.12.2016;mobile_web;9872
11.12.2016;Android;11147
11.12.2016;iOS;29768
11.12.2016;mobile_web;9473
12.12.2016;Android;10894
12.12.2016;iOS;34716
12.12.2016;mobile_web;10666
13.12.2016;Android;12492
13.12.2016;iOS;28782
13.12.2016;mobile_web;9088
14.12.2016;Android;10810
14.12.2016;iOS;26339
14.12.2016;mobile_web;8747
15.12.2016;Android;10620
15.12.2016;iOS;27243
15.12.2016;mobile_web;9375
16.12.2016;Android;10452
16.12.2016;iOS;25303
16.12.2016;mobile_web;7994
17.12.2016;Android;11494
17.12.2016;iOS;26831
17.12.2016;mobile_web;9628
18.12.2016;Android;11831
18.12.2016;iOS;26043
18.12.2016;mobile_web;10837
19.12.2016;Android;11874
19.12.2016;iOS;30923
19.12.2016;mobile_web;9476
20.12.2016;Android;12264
20.12.2016;iOS;27018
20.12.2016;mobile_web;8933
21.12.2016;Android;10364
21.12.2016;iOS;35721
21.12.2016;mobile_web;10450
22.12.2016;Android;12059
22.12.2016;iOS;25637
22.12.2016;mobile_web;8880
23.12.2016;Android;9013
23.12.2016;iOS;25642
23.12.2016;mobile_web;8233
24.12.2016;Android;10465
24.12.2016;iOS;28893
24.12.2016;mobile_web;9341
25.12.2016;Android;9954
25.12.2016;iOS;26974
25.12.2016;mobile_web;8834
26.12.2016;Android;9674
26.12.2016;iOS;34790
26.12.2016;mobile_web;9325
27.12.2016;Android;10566
27.12.2016;iOS;30943
27.12.2016;mobile_web;7722
28.12.2016;Android;11106
28.12.2016;iOS;30324
28.12.2016;mobile_web;9005
29.12.2016;Android;9415
29.12.2016;iOS;28027
29.12.2016;mobile_web;7191
30.12.2016;Android;10073
30.12.2016;iOS;30811
30.12.2016;mobile_web;6536
31.12.2016;Android;7229
31.12.2016;iOS;18710
31.12.2016;mobile_web;4984
01.01.2017;Android;9146
01.01.2017;iOS;26129
01.01.2017;mobile_web;9855
02.01.2017;Android;12179
02.01.2017;iOS;35027
02.01.2017;mobile_web;13824
03.01.2017;Android;14173
03.01.2017;iOS;30769
03.01.2017;mobile_web;10940
04.01.2017;Android;12441
04.01.2017;iOS;37889
04.01.2017;mobile_web;10396
05.01.2017;Android;10805
05.01.2017;iOS;37807
05.01.2017;mobile_web;9785
06.01.2017;Android;10199
06.01.2017;iOS;37263
06.01.2017;mobile_web;9382
07.01.2017;Android;11761
07.01.2017;iOS;31235
07.01.2017;mobile_web;10545
08.01.2017;Android;14493
08.01.2017;iOS;32105
08.01.2017;mobile_web;13194
09.01.2017;Android;14369
09.01.2017;iOS;32574
09.01.2017;mobile_web;10804
10.01.2017;Android;15213
10.01.2017;iOS;33112
10.01.2017;mobile_web;11161
11.01.2017;Android;14477
11.01.2017;iOS;36429
11.01.2017;mobile_web;10136
12.01.2017;Android;13757
12.01.2017;iOS;36474
12.01.2017;mobile_web;11859
13.01.2017;Android;11294
13.01.2017;iOS;28941
13.01.2017;mobile_web;11555
14.01.2017;Android;10196
14.01.2017;iOS;33143
14.01.2017;mobile_web;9463
15.01.2017;Android;12971
15.01.2017;iOS;27705
15.01.2017;mobile_web;11467
16.01.2017;Android;11423
16.01.2017;iOS;33827
16.01.2017;mobile_web;12175
17.01.2017;Android;10927
17.01.2017;iOS;30161
17.01.2017;mobile_web;10809
18.01.2017;Android;13089
18.01.2017;iOS;29646
18.01.2017;mobile_web;8660
19.01.2017;Android;11891
19.01.2017;iOS;31521
19.01.2017;mobile_web;4727
20.01.2017;Android;12608
20.01.2017;iOS;32913
20.01.2017;mobile_web;8665
21.01.2017;Android;11264
21.01.2017;iOS;25947
21.01.2017;mobile_web;10135
22.01.2017;Android;11771
22.01.2017;iOS;37788
22.01.2017;mobile_web;10642
23.01.2017;Android;12215
23.01.2017;iOS;39480
23.01.2017;mobile_web;11260
24.01.2017;Android;10745
24.01.2017;iOS;31450
24.01.2017;mobile_web;7559
25.01.2017;Android;12608
25.01.2017;iOS;30445
25.01.2017;mobile_web;5310
26.01.2017;Android;10577
26.01.2017;iOS;33325
26.01.2017;mobile_web;5086
27.01.2017;Android;10667
27.01.2017;iOS;25603
27.01.2017;mobile_web;5694
28.01.2017;Android;10980
28.01.2017;iOS;33157
28.01.2017;mobile_web;5363
29.01.2017;Android;13094
29.01.2017;iOS;35131
29.01.2017;mobile_web;5961
30.01.2017;Android;11101
30.01.2017;iOS;36782
30.01.2017;mobile_web;6513
31.01.2017;Android;12070
31.01.2017;iOS;30881
31.01.2017;mobile_web;6761
01.02.2017;Android;12175
01.02.2017;iOS;36833
01.02.2017;mobile_web;6532
02.02.2017;Android;11950
02.02.2017;iOS;36786
02.02.2017;mobile_web;5954
03.02.2017;Android;10815
03.02.2017;iOS;32303
03.02.2017;mobile_web;6100
04.02.2017;Android;10902
04.02.2017;iOS;32099
04.02.2017;mobile_web;5897
05.02.2017;Android;12008
05.02.2017;iOS;30480
05.02.2017;mobile_web;6129
06.02.2017;Android;13057
06.02.2017;iOS;29259
06.02.2017;mobile_web;5688
07.02.2017;Android;11511
07.02.2017;iOS;31064
07.02.2017;mobile_web;11127
08.02.2017;Android;14410
08.02.2017;iOS;28979
08.02.2017;mobile_web;12107
09.02.2017;Android;12988
09.02.2017;iOS;32488
09.02.2017;mobile_web;11389
10.02.2017;Android;11756
10.02.2017;iOS;36910
10.02.2017;mobile_web;10195
11.02.2017;Android;11007
11.02.2017;iOS;27860
11.02.2017;mobile_web;12411
12.02.2017;Android;13382
12.02.2017;iOS;32416
12.02.2017;mobile_web;14506
13.02.2017;Android;13247
13.02.2017;iOS;34160
13.02.2017;mobile_web;12071
14.02.2017;Android;13301
14.02.2017;iOS;35296
14.02.2017;mobile_web;11647
15.02.2017;Android;11968
15.02.2017;iOS;30735
15.02.2017;mobile_web;12480
16.02.2017;Android;12932
16.02.2017;iOS;36660
16.02.2017;mobile_web;12606
17.02.2017;Android;11571
17.02.2017;iOS;38364
17.02.2017;mobile_web;11858
18.02.2017;Android;10743
18.02.2017;iOS;37035
18.02.2017;mobile_web;10980
19.02.2017;Android;12715
19.02.2017;iOS;36885
19.02.2017;mobile_web;11882
20.02.2017;Android;14512
20.02.2017;iOS;37651
20.02.2017;mobile_web;14398
21.02.2017;Android;12471
21.02.2017;iOS;33571
21.02.2017;mobile_web;14569
22.02.2017;Android;12775
22.02.2017;iOS;34643
22.02.2017;mobile_web;11933
23.02.2017;Android;9720
23.02.2017;iOS;26038
23.02.2017;mobile_web;11388
24.02.2017;Android;12078
24.02.2017;iOS;29179
24.02.2017;mobile_web;11197
25.02.2017;Android;11444
25.02.2017;iOS;25366
25.02.2017;mobile_web;11060
26.02.2017;Android;12169
26.02.2017;iOS;37647
26.02.2017;mobile_web;12564
27.02.2017;Android;13534
27.02.2017;iOS;37394
27.02.2017;mobile_web;15511
28.02.2017;Android;12369
28.02.2017;iOS;30526
28.02.2017;mobile_web;14329
01.03.2017;Android;14005
01.03.2017;iOS;40120
01.03.2017;mobile_web;15042
02.03.2017;Android;13054
02.03.2017;iOS;29915
02.03.2017;mobile_web;13155
03.03.2017;Android;11068
03.03.2017;iOS;30130
03.03.2017;mobile_web;11173
04.03.2017;Android;9995
04.03.2017;iOS;27089
04.03.2017;mobile_web;11649
05.03.2017;Android;12427
05.03.2017;iOS;34296
05.03.2017;mobile_web;14152
06.03.2017;Android;11157
06.03.2017;iOS;27771
06.03.2017;mobile_web;12302
07.03.2017;Android;10592
07.03.2017;iOS;24556
07.03.2017;mobile_web;9881
08.03.2017;Android;9298
08.03.2017;iOS;30404
08.03.2017;mobile_web;11472
09.03.2017;Android;13744
09.03.2017;iOS;32075
09.03.2017;mobile_web;12314
10.03.2017;Android;13595
10.03.2017;iOS;30356
10.03.2017;mobile_web;14529
11.03.2017;Android;13297
11.03.2017;iOS;33834
11.03.2017;mobile_web;12557
12.03.2017;Android;14326
12.03.2017;iOS;33059
12.03.2017;mobile_web;15630
13.03.2017;Android;12239
13.03.2017;iOS;34387
13.03.2017;mobile_web;10762
14.03.2017;Android;16016
14.03.2017;iOS;46749
14.03.2017;mobile_web;8627
15.03.2017;Android;15002
15.03.2017;iOS;35225
15.03.2017;mobile_web;9308
16.03.2017;Android;12919
16.03.2017;iOS;33344
16.03.2017;mobile_web;7764
17.03.2017;Android;13112
17.03.2017;iOS;33019
17.03.2017;mobile_web;8350
18.03.2017;Android;11794
18.03.2017;iOS;41788
18.03.2017;mobile_web;8933
19.03.2017;Android;12551
19.03.2017;iOS;45289
19.03.2017;mobile_web;10199
20.03.2017;Android;13254
20.03.2017;iOS;38437
20.03.2017;mobile_web;10146
21.03.2017;Android;12882
21.03.2017;iOS;48423
21.03.2017;mobile_web;10729
22.03.2017;Android;14396
22.03.2017;iOS;36087
22.03.2017;mobile_web;9740
23.03.2017;Android;14938
23.03.2017;iOS;39717
23.03.2017;mobile_web;8327
24.03.2017;Android;13887
24.03.2017;iOS;42312
24.03.2017;mobile_web;14008
25.03.2017;Android;11225
25.03.2017;iOS;33713
25.03.2017;mobile_web;11909
26.03.2017;Android;13284
26.03.2017;iOS;33493
26.03.2017;mobile_web;14969
27.03.2017;Android;14915
27.03.2017;iOS;40684
27.03.2017;mobile_web;17537
28.03.2017;Android;12733
28.03.2017;iOS;39756
28.03.2017;mobile_web;16150
29.03.2017;Android;14037
29.03.2017;iOS;39709
29.03.2017;mobile_web;12941
30.03.2017;Android;13282
30.03.2017;iOS;42939
30.03.2017;mobile_web;8754
31.03.2017;Android;13817
31.03.2017;iOS;38208
31.03.2017;mobile_web;8784
01.04.2017;Android;14724
01.04.2017;iOS;31382
01.04.2017;mobile_web;9837
02.04.2017;Android;13532
02.04.2017;iOS;41618
02.04.2017;mobile_web;9353
03.04.2017;Android;12342
03.04.2017;iOS;39616
03.04.2017;mobile_web;10512
04.04.2017;Android;15906
04.04.2017;iOS;43451
04.04.2017;mobile_web;11197
05.04.2017;Android;15661
05.04.2017;iOS;38131
05.04.2017;mobile_web;9780
06.04.2017;Android;15628
06.04.2017;iOS;39863
06.04.2017;mobile_web;10140
07.04.2017;Android;12173
07.04.2017;iOS;34811
07.04.2017;mobile_web;12670
08.04.2017;Android;13973
08.04.2017;iOS;41910
08.04.2017;mobile_web;12575
09.04.2017;Android;13655
09.04.2017;iOS;38191
09.04.2017;mobile_web;12771
10.04.2017;Android;14756
10.04.2017;iOS;42178
10.04.2017;mobile_web;14682
11.04.2017;Android;17021
11.04.2017;iOS;46381
11.04.2017;mobile_web;13592
12.04.2017;Android;15024
12.04.2017;iOS;41658
12.04.2017;mobile_web;15378
13.04.2017;Android;14169
13.04.2017;iOS;33775
13.04.2017;mobile_web;13261
14.04.2017;Android;15444
14.04.2017;iOS;37635
14.04.2017;mobile_web;11750
15.04.2017;Android;12583
15.04.2017;iOS;33924
15.04.2017;mobile_web;10280
16.04.2017;Android;13094
16.04.2017;iOS;36513
16.04.2017;mobile_web;11553
17.04.2017;Android;17503
17.04.2017;iOS;40954
17.04.2017;mobile_web;18316
18.04.2017;Android;18618
18.04.2017;iOS;43514
18.04.2017;mobile_web;17058
19.04.2017;Android;19193
19.04.2017;iOS;51993
19.04.2017;mobile_web;15237
20.04.2017;Android;16520
20.04.2017;iOS;49341
20.04.2017;mobile_web;13229
21.04.2017;Android;17645
21.04.2017;iOS;37901
21.04.2017;mobile_web;16207
22.04.2017;Android;15950
22.04.2017;iOS;42924
22.04.2017;mobile_web;13630
23.04.2017;Android;13791
23.04.2017;iOS;40869
23.04.2017;mobile_web;18015
24.04.2017;Android;17211
24.04.2017;iOS;42907
24.04.2017;mobile_web;17980
25.04.2017;Android;19563
25.04.2017;iOS;50833
25.04.2017;mobile_web;18910
26.04.2017;Android;21194
26.04.2017;iOS;56765
26.04.2017;mobile_web;16812
27.04.2017;Android;16601
27.04.2017;iOS;45475
27.04.2017;mobile_web;17316
28.04.2017;Android;16198
28.04.2017;iOS;50212
28.04.2017;mobile_web;14011
29.04.2017;Android;16172
29.04.2017;iOS;44938
29.04.2017;mobile_web;13530
30.04.2017;Android;14719
30.04.2017;iOS;36384
30.04.2017;mobile_web;13601
01.05.2017;Android;15645
01.05.2017;iOS;42319
01.05.2017;mobile_web;17273
02.05.2017;Android;16456
02.05.2017;iOS;43610
02.05.2017;mobile_web;16532
03.05.2017;Android;17814
03.05.2017;iOS;54788
03.05.2017;mobile_web;19170
04.05.2017;Android;18032
04.05.2017;iOS;40500
04.05.2017;mobile_web;15820
05.05.2017;Android;15124
05.05.2017;iOS;42306
05.05.2017;mobile_web;18412
06.05.2017;Android;15055
06.05.2017;iOS;42943
06.05.2017;mobile_web;16689
07.05.2017;Android;15479
07.05.2017;iOS;44049
07.05.2017;mobile_web;13698
08.05.2017;Android;15316
08.05.2017;iOS;35221
08.05.2017;mobile_web;15473
09.05.2017;Android;15099
09.05.2017;iOS;45606
09.05.2017;mobile_web;15091
10.05.2017;Android;16027
10.05.2017;iOS;42890
10.05.2017;mobile_web;20235
11.05.2017;Android;16549
11.05.2017;iOS;52196
11.05.2017;mobile_web;15954
12.05.2017;Android;18698
12.05.2017;iOS;43747
12.05.2017;mobile_web;15832
13.05.2017;Android;17278
13.05.2017;iOS;44251
13.05.2017;mobile_web;14851
14.05.2017;Android;13921
14.05.2017;iOS;40594
14.05.2017;mobile_web;15471
15.05.2017;Android;17640
15.05.2017;iOS;40538
15.05.2017;mobile_web;18481
16.05.2017;Android;17393
16.05.2017;iOS;57432
16.05.2017;mobile_web;20383
17.05.2017;Android;17825
17.05.2017;iOS;41124
17.05.2017;mobile_web;16097
18.05.2017;Android;18618
18.05.2017;iOS;42858
18.05.2017;mobile_web;19248
19.05.2017;Android;17921
19.05.2017;iOS;39102
19.05.2017;mobile_web;17147
20.05.2017;Android;15242
20.05.2017;iOS;38100
20.05.2017;mobile_web;12227
21.05.2017;Android;16377
21.05.2017;iOS;50056
21.05.2017;mobile_web;14095
22.05.2017;Android;20886
22.05.2017;iOS;45080
22.05.2017;mobile_web;18945
23.05.2017;Android;19012
23.05.2017;iOS;41322
23.05.2017;mobile_web;16936
24.05.2017;Android;17792
24.05.2017;iOS;43037
24.05.2017;mobile_web;18922
25.05.2017;Android;17118
25.05.2017;iOS;50591
25.05.2017;mobile_web;14163
26.05.2017;Android;18415
26.05.2017;iOS;46367
26.05.2017;mobile_web;14104
27.05.2017;Android;15706
27.05.2017;iOS;41764
27.05.2017;mobile_web;15264
28.05.2017;Android;19069
28.05.2017;iOS;39627
28.05.2017;mobile_web;15463
29.05.2017;Android;18396
29.05.2017;iOS;56131
29.05.2017;mobile_web;19198
30.05.2017;Android;19912
30.05.2017;iOS;50497
30.05.2017;mobile_web;18868
31.05.2017;Android;17845
31.05.2017;iOS;51795
31.05.2017;mobile_web;20169
01.06.2017;Android;18817
01.06.2017;iOS;54211
01.06.2017;mobile_web;16572
02.06.2017;Android;18057
02.06.2017;iOS;44607
02.06.2017;mobile_web;16471
03.06.2017;Android;16134
03.06.2017;iOS;46398
03.06.2017;mobile_web;14898
04.06.2017;Android;19638
04.06.2017;iOS;43238
04.06.2017;mobile_web;21358
05.06.2017;Android;20901
05.06.2017;iOS;58287
05.06.2017;mobile_web;22903
06.06.2017;Android;22423
06.06.2017;iOS;60025
06.06.2017;mobile_web;23573
07.06.2017;Android;19018
07.06.2017;iOS;59984
07.06.2017;mobile_web;26106
08.06.2017;Android;19330
08.06.2017;iOS;61080
08.06.2017;mobile_web;21159
09.06.2017;Android;19420
09.06.2017;iOS;55765
09.06.2017;mobile_web;18508
10.06.2017;Android;17340
10.06.2017;iOS;50114
10.06.2017;mobile_web;17901
11.06.2017;Android;18207
11.06.2017;iOS;48029
11.06.2017;mobile_web;16656
12.06.2017;Android;16706
12.06.2017;iOS;56825
12.06.2017;mobile_web;22739
13.06.2017;Android;19630
13.06.2017;iOS;49600
13.06.2017;mobile_web;26687
14.06.2017;Android;20749
14.06.2017;iOS;47970
14.06.2017;mobile_web;21845
15.06.2017;Android;19643
15.06.2017;iOS;58854
15.06.2017;mobile_web;24151
16.06.2017;Android;22329
16.06.2017;iOS;49418
16.06.2017;mobile_web;23221
17.06.2017;Android;19387
17.06.2017;iOS;41871
17.06.2017;mobile_web;20253
18.06.2017;Android;18895
18.06.2017;iOS;42730
18.06.2017;mobile_web;19785
19.06.2017;Android;22994
19.06.2017;iOS;54225
19.06.2017;mobile_web;23604
20.06.2017;Android;23823
20.06.2017;iOS;65049
20.06.2017;mobile_web;25473
21.06.2017;Android;23922
21.06.2017;iOS;57268
21.06.2017;mobile_web;23168
22.06.2017;Android;19930
22.06.2017;iOS;45548
22.06.2017;mobile_web;24923
23.06.2017;Android;18415
23.06.2017;iOS;44026
23.06.2017;mobile_web;21952
24.06.2017;Android;16785
24.06.2017;iOS;40989
24.06.2017;mobile_web;19908
25.06.2017;Android;16873
25.06.2017;iOS;56272
25.06.2017;mobile_web;21881
26.06.2017;Android;22141
26.06.2017;iOS;51691
26.06.2017;mobile_web;25782
27.06.2017;Android;20226
27.06.2017;iOS;62565
27.06.2017;mobile_web;25843
28.06.2017;Android;20657
28.06.2017;iOS;57448
28.06.2017;mobile_web;28842
29.06.2017;Android;22366
29.06.2017;iOS;62408
29.06.2017;mobile_web;26893
30.06.2017;Android;20002
30.06.2017;iOS;52097
30.06.2017;mobile_web;24537
01.07.2017;Android;18971
01.07.2017;iOS;60187
01.07.2017;mobile_web;23308
02.07.2017;Android;21184
02.07.2017;iOS;58316
02.07.2017;mobile_web;25036
03.07.2017;Android;22323
03.07.2017;iOS;54689
03.07.2017;mobile_web;28715
04.07.2017;Android;20314
04.07.2017;iOS;70798
04.07.2017;mobile_web;29392
05.07.2017;Android;24221
05.07.2017;iOS;66857
05.07.2017;mobile_web;27145
06.07.2017;Android;22828
06.07.2017;iOS;50740
06.07.2017;mobile_web;27156
07.07.2017;Android;18760
07.07.2017;iOS;58094
07.07.2017;mobile_web;24752
08.07.2017;Android;17827
08.07.2017;iOS;56282
08.07.2017;mobile_web;22113
09.07.2017;Android;19729
09.07.2017;iOS;58662
09.07.2017;mobile_web;23987
10.07.2017;Android;21895
10.07.2017;iOS;74452
10.07.2017;mobile_web;27116
11.07.2017;Android;26093
11.07.2017;iOS;68142
11.07.2017;mobile_web;28326
12.07.2017;Android;24494
12.07.2017;iOS;62584
12.07.2017;mobile_web;26267
13.07.2017;Android;25596
13.07.2017;iOS;66682
13.07.2017;mobile_web;25767
14.07.2017;Android;21997
14.07.2017;iOS;59815
14.07.2017;mobile_web;30722
15.07.2017;Android;21067
15.07.2017;iOS;58594
15.07.2017;mobile_web;26829
16.07.2017;Android;18674
16.07.2017;iOS;52577
16.07.2017;mobile_web;26861
17.07.2017;Android;24527
17.07.2017;iOS;56778
17.07.2017;mobile_web;36485
18.07.2017;Android;22146
18.07.2017;iOS;67810
18.07.2017;mobile_web;41315
19.07.2017;Android;22474
19.07.2017;iOS;60042
19.07.2017;mobile_web;36274
20.07.2017;Android;23965
20.07.2017;iOS;62215
20.07.2017;mobile_web;35642
21.07.2017;Android;17715
21.07.2017;iOS;56403
21.07.2017;mobile_web;30233
22.07.2017;Android;18951
22.07.2017;iOS;45563
22.07.2017;mobile_web;30533
23.07.2017;Android;17075
23.07.2017;iOS;52258
23.07.2017;mobile_web;32775
24.07.2017;Android;19760
24.07.2017;iOS;58714
24.07.2017;mobile_web;30918
25.07.2017;Android;23063
25.07.2017;iOS;62711
25.07.2017;mobile_web;39588
26.07.2017;Android;23259
26.07.2017;iOS;54695
26.07.2017;mobile_web;38040
27.07.2017;Android;17819
27.07.2017;iOS;50964
27.07.2017;mobile_web;33151
28.07.2017;Android;17405
28.07.2017;iOS;57769
28.07.2017;mobile_web;29280
29.07.2017;Android;17717
29.07.2017;iOS;48044
29.07.2017;mobile_web;28677
30.07.2017;Android;16098
30.07.2017;iOS;56305
30.07.2017;mobile_web;29122
31.07.2017;Android;20614
31.07.2017;iOS;69394
31.07.2017;mobile_web;34630
01.08.2017;Android;22129
01.08.2017;iOS;52256
01.08.2017;mobile_web;31729
02.08.2017;Android;22985
02.08.2017;iOS;50040
02.08.2017;mobile_web;32828
03.08.2017;Android;18947
03.08.2017;iOS;51139
03.08.2017;mobile_web;39234
04.08.2017;Android;16968
04.08.2017;iOS;57190
04.08.2017;mobile_web;29956
05.08.2017;Android;16388
05.08.2017;iOS;47680
05.08.2017;mobile_web;27933
06.08.2017;Android;18750
06.08.2017;iOS;50262
06.08.2017;mobile_web;28016
07.08.2017;Android;20471
07.08.2017;iOS;67178
07.08.2017;mobile_web;30034
08.08.2017;Android;21406
08.08.2017;iOS;51735
08.08.2017;mobile_web;34952
09.08.2017;Android;22341
09.08.2017;iOS;52921
09.08.2017;mobile_web;33503
10.08.2017;Android;20510
10.08.2017;iOS;52327
10.08.2017;mobile_web;35553
11.08.2017;Android;21677
11.08.2017;iOS;61810
11.08.2017;mobile_web;31135
12.08.2017;Android;16126
12.08.2017;iOS;54669
12.08.2017;mobile_web;25249
13.08.2017;Android;16978
13.08.2017;iOS;55392
13.08.2017;mobile_web;32539
14.08.2017;Android;21395
14.08.2017;iOS;57169
14.08.2017;mobile_web;30850
15.08.2017;Android;22496
15.08.2017;iOS;51296
15.08.2017;mobile_web;30202
16.08.2017;Android;22302
16.08.2017;iOS;60927
16.08.2017;mobile_web;31836
17.08.2017;Android;21327
17.08.2017;iOS;47829
17.08.2017;mobile_web;23197
18.08.2017;Android;20351
18.08.2017;iOS;43907
18.08.2017;mobile_web;25545
19.08.2017;Android;15410
19.08.2017;iOS;41534
19.08.2017;mobile_web;22512
20.08.2017;Android;15720
20.08.2017;iOS;46347
20.08.2017;mobile_web;24644
21.08.2017;Android;17563
21.08.2017;iOS;64555
21.08.2017;mobile_web;27999
22.08.2017;Android;19175
22.08.2017;iOS;58731
22.08.2017;mobile_web;29346
23.08.2017;Android;17855
23.08.2017;iOS;49741
23.08.2017;mobile_web;27978
24.08.2017;Android;15926
24.08.2017;iOS;55542
24.08.2017;mobile_web;20917
25.08.2017;Android;16822
25.08.2017;iOS;46045
25.08.2017;mobile_web;23903
26.08.2017;Android;15567
26.08.2017;iOS;40855
26.08.2017;mobile_web;19349
27.08.2017;Android;14459
27.08.2017;iOS;44999
27.08.2017;mobile_web;20060
28.08.2017;Android;19676
28.08.2017;iOS;44107
28.08.2017;mobile_web;26164
29.08.2017;Android;16703
29.08.2017;iOS;45174
29.08.2017;mobile_web;23374
30.08.2017;Android;17224
30.08.2017;iOS;48966
30.08.2017;mobile_web;25418
31.08.2017;Android;15873
31.08.2017;iOS;54530
31.08.2017;mobile_web;20240
01.09.2017;Android;15177
01.09.2017;iOS;43137
01.09.2017;mobile_web;21075
02.09.2017;Android;15241
02.09.2017;iOS;39035
02.09.2017;mobile_web;17878
03.09.2017;Android;14547
03.09.2017;iOS;47802
03.09.2017;mobile_web;19488
04.09.2017;Android;19202
04.09.2017;iOS;49648
04.09.2017;mobile_web;22048
05.09.2017;Android;18746
05.09.2017;iOS;53317
05.09.2017;mobile_web;25644
06.09.2017;Android;20521
06.09.2017;iOS;52781
06.09.2017;mobile_web;28114
07.09.2017;Android;16935
07.09.2017;iOS;45708
07.09.2017;mobile_web;23579
08.09.2017;Android;19879
08.09.2017;iOS;51135
08.09.2017;mobile_web;20899
09.09.2017;Android;15900
09.09.2017;iOS;44065
09.09.2017;mobile_web;22339
10.09.2017;Android;19251
10.09.2017;iOS;41548
10.09.2017;mobile_web;21513
11.09.2017;Android;21137
11.09.2017;iOS;48928
11.09.2017;mobile_web;28976
12.09.2017;Android;18381
12.09.2017;iOS;48363
12.09.2017;mobile_web;27531
13.09.2017;Android;18586
13.09.2017;iOS;52051
13.09.2017;mobile_web;24424
14.09.2017;Android;20456
14.09.2017;iOS;45193
14.09.2017;mobile_web;25813
15.09.2017;Android;18872
15.09.2017;iOS;55799
15.09.2017;mobile_web;24066
16.09.2017;Android;18105
16.09.2017;iOS;48108
16.09.2017;mobile_web;23203
17.09.2017;Android;17478
17.09.2017;iOS;53964
17.09.2017;mobile_web;22248
18.09.2017;Android;19252
18.09.2017;iOS;47779
18.09.2017;mobile_web;22601
19.09.2017;Android;17642
19.09.2017;iOS;58474
19.09.2017;mobile_web;22539
20.09.2017;Android;20600
20.09.2017;iOS;46974
20.09.2017;mobile_web;23983
21.09.2017;Android;17018
21.09.2017;iOS;53499
21.09.2017;mobile_web;25048
22.09.2017;Android;17674
22.09.2017;iOS;41690
22.09.2017;mobile_web;26076
23.09.2017;Android;16396
23.09.2017;iOS;35912
23.09.2017;mobile_web;19175
24.09.2017;Android;14731
24.09.2017;iOS;42099
24.09.2017;mobile_web;20820
25.09.2017;Android;19196
25.09.2017;iOS;54451
25.09.2017;mobile_web;25053
26.09.2017;Android;20518
26.09.2017;iOS;56325
26.09.2017;mobile_web;28356
27.09.2017;Android;18140
27.09.2017;iOS;46613
27.09.2017;mobile_web;24500
28.09.2017;Android;20811
28.09.2017;iOS;49225
28.09.2017;mobile_web;21088
29.09.2017;Android;17901
29.09.2017;iOS;43325
29.09.2017;mobile_web;19475
30.09.2017;Android;14530
30.09.2017;iOS;47010
30.09.2017;mobile_web;21582
01.10.2017;Android;18251
01.10.2017;iOS;45436
01.10.2017;mobile_web;18978
02.10.2017;Android;16457
02.10.2017;iOS;56607
02.10.2017;mobile_web;24434
03.10.2017;Android;20163
03.10.2017;iOS;54868
03.10.2017;mobile_web;23864
04.10.2017;Android;17857
04.10.2017;iOS;45049
04.10.2017;mobile_web;20991
05.10.2017;Android;20335
05.10.2017;iOS;53979
05.10.2017;mobile_web;20651
06.10.2017;Android;18748
06.10.2017;iOS;48082
06.10.2017;mobile_web;19399
07.10.2017;Android;15956
07.10.2017;iOS;44099
07.10.2017;mobile_web;16051
08.10.2017;Android;16697
08.10.2017;iOS;48446
08.10.2017;mobile_web;21111
09.10.2017;Android;20955
09.10.2017;iOS;44455
09.10.2017;mobile_web;21231
10.10.2017;Android;19733
10.10.2017;iOS;54289
10.10.2017;mobile_web;21378
11.10.2017;Android;16353
11.10.2017;iOS;55796
11.10.2017;mobile_web;21569
12.10.2017;Android;16036
12.10.2017;iOS;49442
12.10.2017;mobile_web;19212
13.10.2017;Android;18052
13.10.2017;iOS;50027
13.10.2017;mobile_web;17656
14.10.2017;Android;15027
14.10.2017;iOS;41816
14.10.2017;mobile_web;20085
15.10.2017;Android;15148
15.10.2017;iOS;37839
15.10.2017;mobile_web;19876
16.10.2017;Android;19650
16.10.2017;iOS;50742
16.10.2017;mobile_web;17927
17.10.2017;Android;20007
17.10.2017;iOS;51732
17.10.2017;mobile_web;19295
18.10.2017;Android;20707
18.10.2017;iOS;52992
18.10.2017;mobile_web;20800
19.10.2017;Android;19011
19.10.2017;iOS;42788
19.10.2017;mobile_web;19957
20.10.2017;Android;18459
20.10.2017;iOS;37668
20.10.2017;mobile_web;18904
21.10.2017;Android;17498
21.10.2017;iOS;42361
21.10.2017;mobile_web;16134
22.10.2017;Android;15250
22.10.2017;iOS;46900
22.10.2017;mobile_web;19926
23.10.2017;Android;18648
23.10.2017;iOS;45422
23.10.2017;mobile_web;17778
24.10.2017;Android;17339
24.10.2017;iOS;47312
24.10.2017;mobile_web;20347
25.10.2017;Android;19672
25.10.2017;iOS;41365
25.10.2017;mobile_web;17989
26.10.2017;Android;17052
26.10.2017;iOS;40910
26.10.2017;mobile_web;16798
27.10.2017;Android;19196
27.10.2017;iOS;48677
27.10.2017;mobile_web;18776
28.10.2017;Android;16818
28.10.2017;iOS;40072
28.10.2017;mobile_web;16014
29.10.2017;Android;16034
29.10.2017;iOS;46864
29.10.2017;mobile_web;20434
30.10.2017;Android;18205
30.10.2017;iOS;44910
30.10.2017;mobile_web;22131
31.10.2017;Android;17374
31.10.2017;iOS;45305
31.10.2017;mobile_web;22782
01.11.2017;Android;19493
01.11.2017;iOS;52815
01.11.2017;mobile_web;23369
02.11.2017;Android;19853
02.11.2017;iOS;45934
02.11.2017;mobile_web;21824
03.11.2017;Android;19897
03.11.2017;iOS;51614
03.11.2017;mobile_web;15706
04.11.2017;Android;18129
04.11.2017;iOS;47679
04.11.2017;mobile_web;18780
05.11.2017;Android;18142
05.11.2017;iOS;46579
05.11.2017;mobile_web;21054
06.11.2017;Android;20162
06.11.2017;iOS;54480
06.11.2017;mobile_web;23089
07.11.2017;Android;20910
07.11.2017;iOS;44617
07.11.2017;mobile_web;21274
08.11.2017;Android;21407
08.11.2017;iOS;52198
08.11.2017;mobile_web;20007
09.11.2017;Android;20689
09.11.2017;iOS;51813
09.11.2017;mobile_web;17709
10.11.2017;Android;15952
10.11.2017;iOS;36525
10.11.2017;mobile_web;17119
11.11.2017;Android;14788
11.11.2017;iOS;46858
11.11.2017;mobile_web;19496
12.11.2017;Android;16904
12.11.2017;iOS;46601
12.11.2017;mobile_web;21286
13.11.2017;Android;20292
13.11.2017;iOS;49639
13.11.2017;mobile_web;19912
14.11.2017;Android;23085
14.11.2017;iOS;42227
14.11.2017;mobile_web;19925
15.11.2017;Android;25196
15.11.2017;iOS;48669
15.11.2017;mobile_web;18354
16.11.2017;Android;22825
16.11.2017;iOS;59490
16.11.2017;mobile_web;17797
17.11.2017;Android;18462
17.11.2017;iOS;55103
17.11.2017;mobile_web;20692
18.11.2017;Android;19248
18.11.2017;iOS;50849
18.11.2017;mobile_web;20188
19.11.2017;Android;22562
19.11.2017;iOS;49799
19.11.2017;mobile_web;17872
20.11.2017;Android;24151
20.11.2017;iOS;51835
20.11.2017;mobile_web;19726
21.11.2017;Android;21707
21.11.2017;iOS;43211
21.11.2017;mobile_web;19874
22.11.2017;Android;19875
22.11.2017;iOS;52683
22.11.2017;mobile_web;19090
23.11.2017;Android;21496
23.11.2017;iOS;58734
23.11.2017;mobile_web;20531
24.11.2017;Android;23540
24.11.2017;iOS;48021
24.11.2017;mobile_web;18855
25.11.2017;Android;18318
25.11.2017;iOS;38259
25.11.2017;mobile_web;18020
26.11.2017;Android;21389
26.11.2017;iOS;48080
26.11.2017;mobile_web;19142
27.11.2017;Android;22155
27.11.2017;iOS;58525
27.11.2017;mobile_web;22886
28.11.2017;Android;21642
28.11.2017;iOS;53377
28.11.2017;mobile_web;22272
29.11.2017;Android;22372
29.11.2017;iOS;50458
29.11.2017;mobile_web;19995
30.11.2017;Android;23522
30.11.2017;iOS;50643
30.11.2017;mobile_web;18911
01.12.2017;Android;20668
01.12.2017;iOS;50037
01.12.2017;mobile_web;17781
02.12.2017;Android;21240
02.12.2017;iOS;42804
02.12.2017;mobile_web;18590
03.12.2017;Android;22815
03.12.2017;iOS;48769
03.12.2017;mobile_web;22146
04.12.2017;Android;20942
04.12.2017;iOS;59712
04.12.2017;mobile_web;24033
05.12.2017;Android;22947
05.12.2017;iOS;51749
05.12.2017;mobile_web;21953
06.12.2017;Android;23365
06.12.2017;iOS;56756
06.12.2017;mobile_web;19415
07.12.2017;Android;23178
07.12.2017;iOS;41901
07.12.2017;mobile_web;21505
08.12.2017;Android;19302
08.12.2017;iOS;54304
08.12.2017;mobile_web;17217
09.12.2017;Android;20027
09.12.2017;iOS;48257
09.12.2017;mobile_web;19104
10.12.2017;Android;20897
10.12.2017;iOS;56534
10.12.2017;mobile_web;22238
11.12.2017;Android;24424
11.12.2017;iOS;56272
11.12.2017;mobile_web;25080
12.12.2017;Android;21699
12.12.2017;iOS;47343
12.12.2017;mobile_web;23463
13.12.2017;Android;19308
13.12.2017;iOS;59814
13.12.2017;mobile_web;21775
14.12.2017;Android;22533
14.12.2017;iOS;51940
14.12.2017;mobile_web;22396
15.12.2017;Android;22227
15.12.2017;iOS;55937
15.12.2017;mobile_web;21916
16.12.2017;Android;22124
16.12.2017;iOS;45248
16.12.2017;mobile_web;17237
17.12.2017;Android;21371
17.12.2017;iOS;42343
17.12.2017;mobile_web;18306
18.12.2017;Android;23784
18.12.2017;iOS;47566
18.12.2017;mobile_web;20276
19.12.2017;Android;19586
19.12.2017;iOS;59209
19.12.2017;mobile_web;22530
20.12.2017;Android;25185
20.12.2017;iOS;58882
20.12.2017;mobile_web;20038
21.12.2017;Android;19444
21.12.2017;iOS;43702
21.12.2017;mobile_web;23333
22.12.2017;Android;18106
22.12.2017;iOS;47474
22.12.2017;mobile_web;19567
23.12.2017;Android;19989
23.12.2017;iOS;52301
23.12.2017;mobile_web;19797
24.12.2017;Android;19856
24.12.2017;iOS;47292
24.12.2017;mobile_web;19977
25.12.2017;Android;21243
25.12.2017;iOS;51731
25.12.2017;mobile_web;19852
26.12.2017;Android;24714
26.12.2017;iOS;57129
26.12.2017;mobile_web;21384
27.12.2017;Android;24514
27.12.2017;iOS;55202
27.12.2017;mobile_web;20198
28.12.2017;Android;20863
28.12.2017;iOS;49392
28.12.2017;mobile_web;21339
29.12.2017;Android;20293
29.12.2017;iOS;46176
29.12.2017;mobile_web;19882
30.12.2017;Android;17030
30.12.2017;iOS;50970
30.12.2017;mobile_web;19795
31.12.2017;Android;14707
31.12.2017;iOS;39938
31.12.2017;mobile_web;12118
01.01.2018;Android;22010
01.01.2018;iOS;52387
01.01.2018;mobile_web;23869
02.01.2018;Android;27987
02.01.2018;iOS;63365
02.01.2018;mobile_web;27597
03.01.2018;Android;27151
03.01.2018;iOS;72378
03.01.2018;mobile_web;31902
04.01.2018;Android;25388
04.01.2018;iOS;56778
04.01.2018;mobile_web;26782
05.01.2018;Android;24695
05.01.2018;iOS;60931
05.01.2018;mobile_web;23377
06.01.2018;Android;21621
06.01.2018;iOS;51881
06.01.2018;mobile_web;22100
07.01.2018;Android;25611
07.01.2018;iOS;57352
07.01.2018;mobile_web;24302
08.01.2018;Android;28628
08.01.2018;iOS;58873
08.01.2018;mobile_web;24120
09.01.2018;Android;28501
09.01.2018;iOS;62694
09.01.2018;mobile_web;25579
10.01.2018;Android;23124
10.01.2018;iOS;54532
10.01.2018;mobile_web;23683
11.01.2018;Android;25705
11.01.2018;iOS;67487
11.01.2018;mobile_web;26236
12.01.2018;Android;24089
12.01.2018;iOS;64470
12.01.2018;mobile_web;26422
13.01.2018;Android;20782
13.01.2018;iOS;47144
13.01.2018;mobile_web;25449
14.01.2018;Android;26322
14.01.2018;iOS;62398
14.01.2018;mobile_web;25855
15.01.2018;Android;21275
15.01.2018;iOS;54489
15.01.2018;mobile_web;27240
16.01.2018;Android;24151
16.01.2018;iOS;62095
16.01.2018;mobile_web;23496
17.01.2018;Android;26821
17.01.2018;iOS;66468
17.01.2018;mobile_web;21931
18.01.2018;Android;22092
18.01.2018;iOS;63887
18.01.2018;mobile_web;21415
19.01.2018;Android;19930
19.01.2018;iOS;47923
19.01.2018;mobile_web;20189
20.01.2018;Android;20086
20.01.2018;iOS;57114
20.01.2018;mobile_web;21426
21.01.2018;Android;22366
21.01.2018;iOS;64351
21.01.2018;mobile_web;27168
22.01.2018;Android;24915
22.01.2018;iOS;61604
22.01.2018;mobile_web;22469
23.01.2018;Android;21659
23.01.2018;iOS;61895
23.01.2018;mobile_web;26235
24.01.2018;Android;21314
24.01.2018;iOS;49615
24.01.2018;mobile_web;20548
25.01.2018;Android;25398
25.01.2018;iOS;60887
25.01.2018;mobile_web;25100
26.01.2018;Android;23596
26.01.2018;iOS;59958
26.01.2018;mobile_web;21008
27.01.2018;Android;19095
27.01.2018;iOS;45600
27.01.2018;mobile_web;23497
28.01.2018;Android;21585
28.01.2018;iOS;49546
28.01.2018;mobile_web;22025
29.01.2018;Android;23520
29.01.2018;iOS;56531
29.01.2018;mobile_web;26225
30.01.2018;Android;24567
30.01.2018;iOS;67313
30.01.2018;mobile_web;25511
31.01.2018;Android;25498
31.01.2018;iOS;60602
31.01.2018;mobile_web;21693
01.02.2018;Android;21211
01.02.2018;iOS;62860
01.02.2018;mobile_web;22827
02.02.2018;Android;19991
02.02.2018;iOS;49922
02.02.2018;mobile_web;18821
03.02.2018;Android;24161
03.02.2018;iOS;43996
03.02.2018;mobile_web;20321
04.02.2018;Android;21746
04.02.2018;iOS;61815
04.02.2018;mobile_web;22358
05.02.2018;Android;25672
05.02.2018;iOS;60382
05.02.2018;mobile_web;20565
06.02.2018;Android;23307
06.02.2018;iOS;49508
06.02.2018;mobile_web;18784
07.02.2018;Android;23645
07.02.2018;iOS;57811
07.02.2018;mobile_web;18891
07.02.2018;web;35465
08.02.2018;Android;27160
08.02.2018;iOS;65290
08.02.2018;mobile_web;24272
08.02.2018;web;119502
09.02.2018;Android;25078
09.02.2018;iOS;55363
09.02.2018;mobile_web;22384
09.02.2018;web;77243
10.02.2018;Android;22997
10.02.2018;iOS;57949
10.02.2018;mobile_web;22994
10.02.2018;web;53087
11.02.2018;Android;25336
11.02.2018;iOS;46555
11.02.2018;mobile_web;19081
11.02.2018;web;63912
12.02.2018;Android;24896
12.02.2018;iOS;52598
12.02.2018;mobile_web;19361
12.02.2018;web;91975
13.02.2018;Android;21294
13.02.2018;iOS;54994
13.02.2018;mobile_web;22065
13.02.2018;web;87212
14.02.2018;Android;22563
14.02.2018;iOS;53949
14.02.2018;mobile_web;20011
14.02.2018;web;73362
15.02.2018;Android;21138
15.02.2018;iOS;62793
15.02.2018;mobile_web;21371
15.02.2018;web;86691
16.02.2018;Android;24402
16.02.2018;iOS;43980
16.02.2018;mobile_web;19033
16.02.2018;web;68322
17.02.2018;Android;20258
17.02.2018;iOS;47824
17.02.2018;mobile_web;19934
17.02.2018;web;48298
18.02.2018;Android;19761
18.02.2018;iOS;57081
18.02.2018;mobile_web;20484
18.02.2018;web;52090
19.02.2018;Android;23161
19.02.2018;iOS;54480
19.02.2018;mobile_web;20785
19.02.2018;web;88709
20.02.2018;Android;23007
20.02.2018;iOS;58841
20.02.2018;mobile_web;22050
20.02.2018;web;85244
21.02.2018;Android;21313
21.02.2018;iOS;57582
21.02.2018;mobile_web;20127
21.02.2018;web;81027
22.02.2018;Android;23684
22.02.2018;iOS;45440
22.02.2018;mobile_web;17601
22.02.2018;web;70509
23.02.2018;Android;22289
23.02.2018;iOS;44933
23.02.2018;mobile_web;17262
23.02.2018;web;54602
24.02.2018;Android;20504
24.02.2018;iOS;48692
24.02.2018;mobile_web;20787
24.02.2018;web;51372
25.02.2018;Android;23501
25.02.2018;iOS;51139
25.02.2018;mobile_web;18793
25.02.2018;web;59061
26.02.2018;Android;21065
26.02.2018;iOS;63820
26.02.2018;mobile_web;23530
26.02.2018;web;85109
27.02.2018;Android;20430
27.02.2018;iOS;53538
27.02.2018;mobile_web;18481
27.02.2018;web;95448
28.02.2018;Android;25320
28.02.2018;iOS;57291
28.02.2018;mobile_web;19832
28.02.2018;web;85264
01.03.2018;Android;25828
01.03.2018;iOS;66013
01.03.2018;mobile_web;24701
01.03.2018;web;84590
02.03.2018;Android;23549
02.03.2018;iOS;60464
02.03.2018;mobile_web;19152
02.03.2018;web;79659
03.03.2018;Android;22749
03.03.2018;iOS;57627
03.03.2018;mobile_web;21249
03.03.2018;web;59219
04.03.2018;Android;21257
04.03.2018;iOS;55468
04.03.2018;mobile_web;25203
04.03.2018;web;62358
05.03.2018;Android;25541
05.03.2018;iOS;66200
05.03.2018;mobile_web;24621
05.03.2018;web;91744
06.03.2018;Android;26260
06.03.2018;iOS;64019
06.03.2018;mobile_web;19644
06.03.2018;web;91545
07.03.2018;Android;22105
07.03.2018;iOS;50178
07.03.2018;mobile_web;20392
07.03.2018;web;60698
08.03.2018;Android;21683
08.03.2018;iOS;44498
08.03.2018;mobile_web;18367
08.03.2018;web;44042
09.03.2018;Android;19912
09.03.2018;iOS;53429
09.03.2018;mobile_web;22270
09.03.2018;web;51514
10.03.2018;Android;24267
10.03.2018;iOS;58780
10.03.2018;mobile_web;20091
10.03.2018;web;51199
11.03.2018;Android;24739
11.03.2018;iOS;58763
11.03.2018;mobile_web;26962
11.03.2018;web;64517
12.03.2018;Android;23507
12.03.2018;iOS;58081
12.03.2018;mobile_web;26989
12.03.2018;web;89853
13.03.2018;Android;27353
13.03.2018;iOS;60662
13.03.2018;mobile_web;26882
13.03.2018;web;102171
14.03.2018;Android;26274
14.03.2018;iOS;66324
14.03.2018;mobile_web;25197
14.03.2018;web;96794
15.03.2018;Android;24306
15.03.2018;iOS;60473
15.03.2018;mobile_web;23023
15.03.2018;web;107697
16.03.2018;Android;22821
16.03.2018;iOS;48629
16.03.2018;mobile_web;21423
16.03.2018;web;107041
17.03.2018;Android;26272
17.03.2018;iOS;53562
17.03.2018;mobile_web;22234
17.03.2018;web;69982
18.03.2018;Android;23418
18.03.2018;iOS;59960
18.03.2018;mobile_web;23115
18.03.2018;web;78123
19.03.2018;Android;28789
19.03.2018;iOS;58409
19.03.2018;mobile_web;28553
19.03.2018;web;104232
20.03.2018;Android;26264
20.03.2018;iOS;62933
20.03.2018;mobile_web;30427
20.03.2018;web;126007
21.03.2018;Android;24689
21.03.2018;iOS;65621
21.03.2018;mobile_web;23865
21.03.2018;web;119167
22.03.2018;Android;22850
22.03.2018;iOS;55964
22.03.2018;mobile_web;23642
22.03.2018;web;107187
23.03.2018;Android;26633
23.03.2018;iOS;58581
23.03.2018;mobile_web;26328
23.03.2018;web;103949
24.03.2018;Android;27052
24.03.2018;iOS;52607
24.03.2018;mobile_web;26903
24.03.2018;web;75855
25.03.2018;Android;26070
25.03.2018;iOS;53010
25.03.2018;mobile_web;28744
25.03.2018;web;80116
26.03.2018;Android;24604
26.03.2018;iOS;49796
26.03.2018;mobile_web;24863
26.03.2018;web;104579
27.03.2018;Android;22949
27.03.2018;iOS;62786
27.03.2018;mobile_web;23738
27.03.2018;web;105563
28.03.2018;Android;21736
28.03.2018;iOS;54830
28.03.2018;mobile_web;22067
28.03.2018;web;109658
29.03.2018;Android;26726
29.03.2018;iOS;50641
29.03.2018;mobile_web;23750
29.03.2018;web;93255
30.03.2018;Android;24122
30.03.2018;iOS;54003
30.03.2018;mobile_web;23377
30.03.2018;web;100567
31.03.2018;Android;24164
31.03.2018;iOS;54655
31.03.2018;mobile_web;22226
31.03.2018;web;64622
01.04.2018;Android;23810
01.04.2018;iOS;66801
01.04.2018;mobile_web;27070
01.04.2018;web;78399
02.04.2018;Android;29175
02.04.2018;iOS;63805
02.04.2018;mobile_web;28193
02.04.2018;web;118342
03.04.2018;Android;24509
03.04.2018;iOS;52604
03.04.2018;mobile_web;31518
03.04.2018;web;121463
04.04.2018;Android;23279
04.04.2018;iOS;68133
04.04.2018;mobile_web;24995
04.04.2018;web;106630
05.04.2018;Android;22734
05.04.2018;iOS;56231
05.04.2018;mobile_web;25063
05.04.2018;web;99777
06.04.2018;Android;26282
06.04.2018;iOS;59979
06.04.2018;mobile_web;21806
06.04.2018;web;94461
07.04.2018;Android;20888
07.04.2018;iOS;56358
07.04.2018;mobile_web;26822
07.04.2018;web;65665
08.04.2018;Android;26919
08.04.2018;iOS;54218
08.04.2018;mobile_web;27392
08.04.2018;web;70451
09.04.2018;Android;26298
09.04.2018;iOS;69831
09.04.2018;mobile_web;25295
09.04.2018;web;111561
10.04.2018;Android;26378
10.04.2018;iOS;58048
10.04.2018;mobile_web;27969
10.04.2018;web;128160
11.04.2018;Android;28592
11.04.2018;iOS;68402
11.04.2018;mobile_web;27993
11.04.2018;web;112220
12.04.2018;Android;27577
12.04.2018;iOS;53791
12.04.2018;mobile_web;27496
12.04.2018;web;104340
13.04.2018;Android;24150
13.04.2018;iOS;54238
13.04.2018;mobile_web;23805
13.04.2018;web;107163
14.04.2018;Android;23665
14.04.2018;iOS;59096
14.04.2018;mobile_web;22285
14.04.2018;web;65083
15.04.2018;Android;22920
15.04.2018;iOS;52967
15.04.2018;mobile_web;27676
15.04.2018;web;78425
16.04.2018;Android;29533
16.04.2018;iOS;56010
16.04.2018;mobile_web;32610
16.04.2018;web;106319
17.04.2018;Android;27358
17.04.2018;iOS;61294
17.04.2018;mobile_web;27591
17.04.2018;web;119231
18.04.2018;Android;30872
18.04.2018;iOS;77907
18.04.2018;mobile_web;31968
18.04.2018;web;130353
19.04.2018;Android;30136
19.04.2018;iOS;74247
19.04.2018;mobile_web;27606
19.04.2018;web;110476
20.04.2018;Android;29101
20.04.2018;iOS;63467
20.04.2018;mobile_web;26179
20.04.2018;web;97659
21.04.2018;Android;21797
21.04.2018;iOS;58336
21.04.2018;mobile_web;28065
21.04.2018;web;79181
22.04.2018;Android;22777
22.04.2018;iOS;69190
22.04.2018;mobile_web;25647
22.04.2018;web;78123
23.04.2018;Android;24809
23.04.2018;iOS;63605
23.04.2018;mobile_web;34944
23.04.2018;web;124565
24.04.2018;Android;24560
24.04.2018;iOS;79902
24.04.2018;mobile_web;35242
24.04.2018;web;115983
25.04.2018;Android;29403
25.04.2018;iOS;72686
25.04.2018;mobile_web;30788
25.04.2018;web;114227
26.04.2018;Android;31134
26.04.2018;iOS;62626
26.04.2018;mobile_web;32600
26.04.2018;web;121393
27.04.2018;Android;23834
27.04.2018;iOS;64933
27.04.2018;mobile_web;29758
27.04.2018;web;108660
28.04.2018;Android;23301
28.04.2018;iOS;56145
28.04.2018;mobile_web;24380
28.04.2018;web;84985
29.04.2018;Android;21335
29.04.2018;iOS;53025
29.04.2018;mobile_web;29262
29.04.2018;web;64879
30.04.2018;Android;21885
30.04.2018;iOS;63129
30.04.2018;mobile_web;27136
30.04.2018;web;66459
01.05.2018;Android;23030
01.05.2018;iOS;46189
01.05.2018;mobile_web;27210
01.05.2018;web;64648
02.05.2018;Android;27609
02.05.2018;iOS;64518
02.05.2018;mobile_web;29289
02.05.2018;web;83485
03.05.2018;Android;24341
03.05.2018;iOS;72204
03.05.2018;mobile_web;33687
03.05.2018;web;119158
04.05.2018;Android;26369
04.05.2018;iOS;62180
04.05.2018;mobile_web;29684
04.05.2018;web;106160
05.05.2018;Android;22957
05.05.2018;iOS;52548
05.05.2018;mobile_web;26905
05.05.2018;web;62279
06.05.2018;Android;25767
06.05.2018;iOS;62670
06.05.2018;mobile_web;28268
06.05.2018;web;76669
07.05.2018;Android;28373
07.05.2018;iOS;54490
07.05.2018;mobile_web;28925
07.05.2018;web;121823
08.05.2018;Android;27325
08.05.2018;iOS;53883
08.05.2018;mobile_web;30491
08.05.2018;web;97334
09.05.2018;Android;19681
09.05.2018;iOS;48450
09.05.2018;mobile_web;25730
09.05.2018;web;70855
10.05.2018;Android;25556
10.05.2018;iOS;67768
10.05.2018;mobile_web;28126
10.05.2018;web;107853
11.05.2018;Android;26006
11.05.2018;iOS;66199
11.05.2018;mobile_web;31168
11.05.2018;web;111194
12.05.2018;Android;23832
12.05.2018;iOS;55580
12.05.2018;mobile_web;25832
12.05.2018;web;67687
13.05.2018;Android;22965
13.05.2018;iOS;59222
13.05.2018;mobile_web;28883
13.05.2018;web;71097
14.05.2018;Android;26749
14.05.2018;iOS;67265
14.05.2018;mobile_web;35472
14.05.2018;web;128477
15.05.2018;Android;29448
15.05.2018;iOS;71253
15.05.2018;mobile_web;29834
15.05.2018;web;129895
16.05.2018;Android;29930
16.05.2018;iOS;53099
16.05.2018;mobile_web;31211
16.05.2018;web;127616
17.05.2018;Android;27014
17.05.2018;iOS;59176
17.05.2018;mobile_web;31729
17.05.2018;web;113870
18.05.2018;Android;30103
18.05.2018;iOS;64835
18.05.2018;mobile_web;27405
18.05.2018;web;108741
19.05.2018;Android;26781
19.05.2018;iOS;55552
19.05.2018;mobile_web;25537
19.05.2018;web;65085
20.05.2018;Android;23963
20.05.2018;iOS;62573
20.05.2018;mobile_web;32017
20.05.2018;web;73817
21.05.2018;Android;30271
21.05.2018;iOS;69378
21.05.2018;mobile_web;36986
21.05.2018;web;115649
22.05.2018;Android;28507
22.05.2018;iOS;56271
22.05.2018;mobile_web;34452
22.05.2018;web;116434
23.05.2018;Android;26887
23.05.2018;iOS;56798
23.05.2018;mobile_web;33961
23.05.2018;web;115049
24.05.2018;Android;29489
24.05.2018;iOS;57748
24.05.2018;mobile_web;30112
24.05.2018;web;111140
25.05.2018;Android;25261
25.05.2018;iOS;50761
25.05.2018;mobile_web;29601
25.05.2018;web;93754
26.05.2018;Android;26511
26.05.2018;iOS;50065
26.05.2018;mobile_web;26308
26.05.2018;web;60217
27.05.2018;Android;28367
27.05.2018;iOS;54339
27.05.2018;mobile_web;28741
27.05.2018;web;75454
28.05.2018;Android;28832
28.05.2018;iOS;73544
28.05.2018;mobile_web;38168
28.05.2018;web;117624
29.05.2018;Android;27838
29.05.2018;iOS;75157
29.05.2018;mobile_web;34816
29.05.2018;web;128537
30.05.2018;Android;28051
30.05.2018;iOS;77012
30.05.2018;mobile_web;34868
30.05.2018;web;134052
31.05.2018;Android;30436
31.05.2018;iOS;73545
31.05.2018;mobile_web;36978
31.05.2018;web;118060
01.06.2018;Android;31821
01.06.2018;iOS;66926
01.06.2018;mobile_web;32152
01.06.2018;web;114096
02.06.2018;Android;24928
02.06.2018;iOS;67102
02.06.2018;mobile_web;27862
02.06.2018;web;75693
03.06.2018;Android;31024
03.06.2018;iOS;54333
03.06.2018;mobile_web;35159
03.06.2018;web;83047
04.06.2018;Android;31407
04.06.2018;iOS;70904
04.06.2018;mobile_web;41617
04.06.2018;web;139240
05.06.2018;Android;29326
05.06.2018;iOS;72738
05.06.2018;mobile_web;42543
05.06.2018;web;144192
06.06.2018;Android;35314
06.06.2018;iOS;84279
06.06.2018;mobile_web;35616
06.06.2018;web;127118
07.06.2018;Android;29762
07.06.2018;iOS;81632
07.06.2018;mobile_web;38119
07.06.2018;web;129330
08.06.2018;Android;32819
08.06.2018;iOS;80170
08.06.2018;mobile_web;35905
08.06.2018;web;122254
09.06.2018;Android;25667
09.06.2018;iOS;63723
09.06.2018;mobile_web;36009
09.06.2018;web;95412
10.06.2018;Android;25606
10.06.2018;iOS;72436
10.06.2018;mobile_web;35617
10.06.2018;web;77265
11.06.2018;Android;27666
11.06.2018;iOS;70455
11.06.2018;mobile_web;32629
11.06.2018;web;76708
12.06.2018;Android;30988
12.06.2018;iOS;75715
12.06.2018;mobile_web;36214
12.06.2018;web;83703
13.06.2018;Android;33619
13.06.2018;iOS;68003
13.06.2018;mobile_web;38658
13.06.2018;web;123670
14.06.2018;Android;26149
14.06.2018;iOS;71093
14.06.2018;mobile_web;37841
14.06.2018;web;105226
15.06.2018;Android;28553
15.06.2018;iOS;65610
15.06.2018;mobile_web;35759
15.06.2018;web;114562
16.06.2018;Android;30405
16.06.2018;iOS;55713
16.06.2018;mobile_web;34287
16.06.2018;web;74286
17.06.2018;Android;23333
17.06.2018;iOS;66870
17.06.2018;mobile_web;35837
17.06.2018;web;71095
18.06.2018;Android;32368
18.06.2018;iOS;79044
18.06.2018;mobile_web;41476
18.06.2018;web;127420
19.06.2018;Android;35521
19.06.2018;iOS;64963
19.06.2018;mobile_web;37649
19.06.2018;web;120195
20.06.2018;Android;29173
20.06.2018;iOS;61993
20.06.2018;mobile_web;42696
20.06.2018;web;120658
21.06.2018;Android;32318
21.06.2018;iOS;69160
21.06.2018;mobile_web;38624
21.06.2018;web;135705
22.06.2018;Android;29227
22.06.2018;iOS;74169
22.06.2018;mobile_web;35548
22.06.2018;web;109649
23.06.2018;Android;28776
23.06.2018;iOS;58588
23.06.2018;mobile_web;33025
23.06.2018;web;79575
24.06.2018;Android;28590
24.06.2018;iOS;69353
24.06.2018;mobile_web;35551
24.06.2018;web;72824
25.06.2018;Android;29195
25.06.2018;iOS;81292
25.06.2018;mobile_web;38694
25.06.2018;web;119988
26.06.2018;Android;29161
26.06.2018;iOS;81492
26.06.2018;mobile_web;36900
26.06.2018;web;121492
27.06.2018;Android;33622
27.06.2018;iOS;70285
27.06.2018;mobile_web;45968
27.06.2018;web;133470
28.06.2018;Android;31543
28.06.2018;iOS;84363
28.06.2018;mobile_web;42693
28.06.2018;web;128012
29.06.2018;Android;30513
29.06.2018;iOS;85300
29.06.2018;mobile_web;37849
29.06.2018;web;111213
30.06.2018;Android;33290
30.06.2018;iOS;59404
30.06.2018;mobile_web;31188
30.06.2018;web;72394
01.07.2018;Android;31558
01.07.2018;iOS;72140
01.07.2018;mobile_web;33730
01.07.2018;web;69898
02.07.2018;Android;29292
02.07.2018;iOS;70708
02.07.2018;mobile_web;37517
02.07.2018;web;138447
03.07.2018;Android;35269
03.07.2018;iOS;72019
03.07.2018;mobile_web;48910
03.07.2018;web;126346
04.07.2018;Android;36251
04.07.2018;iOS;71015
04.07.2018;mobile_web;43906
04.07.2018;web;134209
05.07.2018;Android;38774
05.07.2018;iOS;83356
05.07.2018;mobile_web;40847
05.07.2018;web;142515
06.07.2018;Android;33103
06.07.2018;iOS;83305
06.07.2018;mobile_web;35445
06.07.2018;web;113141
07.07.2018;Android;25921
07.07.2018;iOS;57270
07.07.2018;mobile_web;33703
07.07.2018;web;79259
08.07.2018;Android;28479
08.07.2018;iOS;81754
08.07.2018;mobile_web;38789
08.07.2018;web;83567
09.07.2018;Android;36013
09.07.2018;iOS;91634
09.07.2018;mobile_web;42676
09.07.2018;web;140306
10.07.2018;Android;37198
10.07.2018;iOS;91261
10.07.2018;mobile_web;49320
10.07.2018;web;143922
11.07.2018;Android;34342
11.07.2018;iOS;90706
11.07.2018;mobile_web;40373
11.07.2018;web;132717
12.07.2018;Android;36256
12.07.2018;iOS;91090
12.07.2018;mobile_web;43708
12.07.2018;web;138978
13.07.2018;Android;35799
13.07.2018;iOS;75622
13.07.2018;mobile_web;35621
13.07.2018;web;117421
14.07.2018;Android;30595
14.07.2018;iOS;70728
14.07.2018;mobile_web;39573
14.07.2018;web;77722
15.07.2018;Android;30100
15.07.2018;iOS;57722
15.07.2018;mobile_web;41894
15.07.2018;web;70764
16.07.2018;Android;33504
16.07.2018;iOS;94448
16.07.2018;mobile_web;53124
16.07.2018;web;158082
17.07.2018;Android;34982
17.07.2018;iOS;70573
17.07.2018;mobile_web;53300
17.07.2018;web;160340
18.07.2018;Android;34476
18.07.2018;iOS;81608
18.07.2018;mobile_web;48308
18.07.2018;web;146034
19.07.2018;Android;36404
19.07.2018;iOS;75259
19.07.2018;mobile_web;47301
19.07.2018;web;134392
20.07.2018;Android;34497
20.07.2018;iOS;69941
20.07.2018;mobile_web;45238
20.07.2018;web;118557
21.07.2018;Android;31299
21.07.2018;iOS;70980
21.07.2018;mobile_web;43133
21.07.2018;web;76826
22.07.2018;Android;35781
22.07.2018;iOS;64707
22.07.2018;mobile_web;40292
22.07.2018;web;93384
23.07.2018;Android;32485
23.07.2018;iOS;90394
23.07.2018;mobile_web;46001
23.07.2018;web;138697
24.07.2018;Android;39472
24.07.2018;iOS;85390
24.07.2018;mobile_web;41471
24.07.2018;web;146333
25.07.2018;Android;40568
25.07.2018;iOS;94568
25.07.2018;mobile_web;43402
25.07.2018;web;144457
26.07.2018;Android;39903
26.07.2018;iOS;80801
26.07.2018;mobile_web;37045
26.07.2018;web;138459
27.07.2018;Android;33145
27.07.2018;iOS;75065
27.07.2018;mobile_web;37098
27.07.2018;web;107144
28.07.2018;Android;29063
28.07.2018;iOS;70505
28.07.2018;mobile_web;31198
28.07.2018;web;70456
29.07.2018;Android;30166
29.07.2018;iOS;76305
29.07.2018;mobile_web;29312
29.07.2018;web;66895
30.07.2018;Android;34802
30.07.2018;iOS;96806
30.07.2018;mobile_web;38311
30.07.2018;web;121721
31.07.2018;Android;37927
31.07.2018;iOS;79212
31.07.2018;mobile_web;36642
31.07.2018;web;142852
01.08.2018;Android;39180
01.08.2018;iOS;75408
01.08.2018;mobile_web;41144
01.08.2018;web;158760
02.08.2018;Android;38594
02.08.2018;iOS;75661
02.08.2018;mobile_web;42991
02.08.2018;web;139266
03.08.2018;Android;33577
03.08.2018;iOS;86752
03.08.2018;mobile_web;37394
03.08.2018;web;124897
04.08.2018;Android;32954
04.08.2018;iOS;69094
04.08.2018;mobile_web;41002
04.08.2018;web;84574
05.08.2018;Android;32508
05.08.2018;iOS;76289
05.08.2018;mobile_web;35659
05.08.2018;web;96383
06.08.2018;Android;36780
06.08.2018;iOS;79518
06.08.2018;mobile_web;38072
06.08.2018;web;137308
07.08.2018;Android;39317
07.08.2018;iOS;73855
07.08.2018;mobile_web;46928
07.08.2018;web;135583
08.08.2018;Android;33487
08.08.2018;iOS;72497
08.08.2018;mobile_web;40967
08.08.2018;web;152206
09.08.2018;Android;32812
09.08.2018;iOS;94714
09.08.2018;mobile_web;41004
09.08.2018;web;143437
10.08.2018;Android;33784
10.08.2018;iOS;84855
10.08.2018;mobile_web;38442
10.08.2018;web;122210
11.08.2018;Android;27674
11.08.2018;iOS;77645
11.08.2018;mobile_web;39454
11.08.2018;web;82401
12.08.2018;Android;28662
12.08.2018;iOS;73162
12.08.2018;mobile_web;40320
12.08.2018;web;91015
13.08.2018;Android;41071
13.08.2018;iOS;89938
13.08.2018;mobile_web;41050
13.08.2018;web;146065
14.08.2018;Android;37640
14.08.2018;iOS;85412
14.08.2018;mobile_web;43587
14.08.2018;web;165194
15.08.2018;Android;38810
15.08.2018;iOS;84783
15.08.2018;mobile_web;41052
15.08.2018;web;166150
16.08.2018;Android;40443
16.08.2018;iOS;84318
16.08.2018;mobile_web;44602
16.08.2018;web;131965
17.08.2018;Android;35914
17.08.2018;iOS;65931
17.08.2018;mobile_web;40551
17.08.2018;web;119018
18.08.2018;Android;29747
18.08.2018;iOS;63907
18.08.2018;mobile_web;37388
18.08.2018;web;82733
19.08.2018;Android;31590
19.08.2018;iOS;80015
19.08.2018;mobile_web;34459
19.08.2018;web;95070
20.08.2018;Android;36060
20.08.2018;iOS;67501
20.08.2018;mobile_web;41520
20.08.2018;web;140091
21.08.2018;Android;37041
21.08.2018;iOS;85306
21.08.2018;mobile_web;41625
21.08.2018;web;144230
22.08.2018;Android;35279
22.08.2018;iOS;76927
22.08.2018;mobile_web;41000
22.08.2018;web;143512
23.08.2018;Android;32060
23.08.2018;iOS;85386
23.08.2018;mobile_web;40466
23.08.2018;web;115376
24.08.2018;Android;31676
24.08.2018;iOS;75034
24.08.2018;mobile_web;30785
24.08.2018;web;115962
25.08.2018;Android;30012
25.08.2018;iOS;60326
25.08.2018;mobile_web;27334
25.08.2018;web;81396
26.08.2018;Android;27601
26.08.2018;iOS;56692
26.08.2018;mobile_web;31342
26.08.2018;web;88523
27.08.2018;Android;35976
27.08.2018;iOS;74040
27.08.2018;mobile_web;36555
27.08.2018;web;130091
28.08.2018;Android;35947
28.08.2018;iOS;64705
28.08.2018;mobile_web;29405
28.08.2018;web;136204
29.08.2018;Android;34471
29.08.2018;iOS;74341
29.08.2018;mobile_web;29212
29.08.2018;web;129095
30.08.2018;Android;31231
30.08.2018;iOS;80322
30.08.2018;mobile_web;30594
30.08.2018;web;112477
31.08.2018;Android;30400
31.08.2018;iOS;65318
31.08.2018;mobile_web;30086
31.08.2018;web;111311
01.09.2018;Android;30332
01.09.2018;iOS;57286
01.09.2018;mobile_web;26941
01.09.2018;web;70999
02.09.2018;Android;30197
02.09.2018;iOS;66124
02.09.2018;mobile_web;32382
02.09.2018;web;76583
03.09.2018;Android;31488
03.09.2018;iOS;78845
03.09.2018;mobile_web;32279
03.09.2018;web;135356
04.09.2018;Android;37664
04.09.2018;iOS;77448
04.09.2018;mobile_web;31143
04.09.2018;web;127486
05.09.2018;Android;33933
05.09.2018;iOS;79467
05.09.2018;mobile_web;29900
05.09.2018;web;135970
06.09.2018;Android;35723
06.09.2018;iOS;67190
06.09.2018;mobile_web;33230
06.09.2018;web;125757
07.09.2018;Android;31715
07.09.2018;iOS;71381
07.09.2018;mobile_web;27432
07.09.2018;web;107700
08.09.2018;Android;30006
08.09.2018;iOS;67599
08.09.2018;mobile_web;28013
08.09.2018;web;78685
09.09.2018;Android;26556
09.09.2018;iOS;68060
09.09.2018;mobile_web;28594
09.09.2018;web;84069
10.09.2018;Android;35624
10.09.2018;iOS;70323
10.09.2018;mobile_web;28680
10.09.2018;web;131256
11.09.2018;Android;36085
11.09.2018;iOS;73982
11.09.2018;mobile_web;28505
11.09.2018;web;130168
12.09.2018;Android;30251
12.09.2018;iOS;67215
12.09.2018;mobile_web;27059
12.09.2018;web;130397
13.09.2018;Android;32977
13.09.2018;iOS;78335
13.09.2018;mobile_web;30360
13.09.2018;web;129747
14.09.2018;Android;27448
14.09.2018;iOS;62713
14.09.2018;mobile_web;33460
14.09.2018;web;112500
15.09.2018;Android;26926
15.09.2018;iOS;58458
15.09.2018;mobile_web;30332
15.09.2018;web;73747
16.09.2018;Android;28774
16.09.2018;iOS;66086
16.09.2018;mobile_web;30404
16.09.2018;web;75424
17.09.2018;Android;34792
17.09.2018;iOS;83239
17.09.2018;mobile_web;28557
17.09.2018;web;121816
18.09.2018;Android;34011
18.09.2018;iOS;74566
18.09.2018;mobile_web;30711
18.09.2018;web;135057
19.09.2018;Android;27636
19.09.2018;iOS;75683
19.09.2018;mobile_web;33930
19.09.2018;web;135018
20.09.2018;Android;31242
20.09.2018;iOS;70039
20.09.2018;mobile_web;28501
20.09.2018;web;112096
21.09.2018;Android;31413
21.09.2018;iOS;62185
21.09.2018;mobile_web;31048
21.09.2018;web;104221
22.09.2018;Android;23745
22.09.2018;iOS;55821
22.09.2018;mobile_web;29772
22.09.2018;web;63182
23.09.2018;Android;25603
23.09.2018;iOS;60944
23.09.2018;mobile_web;25796
23.09.2018;web;69833
24.09.2018;Android;30526
24.09.2018;iOS;64241
24.09.2018;mobile_web;26875
24.09.2018;web;115234
25.09.2018;Android;33964
25.09.2018;iOS;63848
25.09.2018;mobile_web;31943
25.09.2018;web;112274
26.09.2018;Android;28947
26.09.2018;iOS;71882
26.09.2018;mobile_web;30252
26.09.2018;web;126476
27.09.2018;Android;27260
27.09.2018;iOS;63487
27.09.2018;mobile_web;27613
27.09.2018;web;107924
28.09.2018;Android;28356
28.09.2018;iOS;57754
28.09.2018;mobile_web;27523
28.09.2018;web;101387
29.09.2018;Android;24595
29.09.2018;iOS;54349
29.09.2018;mobile_web;28060
29.09.2018;web;69772
30.09.2018;Android;30415
30.09.2018;iOS;61016
30.09.2018;mobile_web;26651
30.09.2018;web;71655
01.10.2018;Android;32420
01.10.2018;iOS;67819
01.10.2018;mobile_web;33201
01.10.2018;web;128611
02.10.2018;Android;27582
02.10.2018;iOS;64644
02.10.2018;mobile_web;28063
02.10.2018;web;116574
03.10.2018;Android;25504
03.10.2018;iOS;73980
03.10.2018;mobile_web;31996
03.10.2018;web;126897
04.10.2018;Android;29559
04.10.2018;iOS;58519
04.10.2018;mobile_web;25183
04.10.2018;web;115198
05.10.2018;Android;23136
05.10.2018;iOS;60640
05.10.2018;mobile_web;25224
05.10.2018;web;94167
06.10.2018;Android;26927
06.10.2018;iOS;50487
06.10.2018;mobile_web;28012
06.10.2018;web;70430
07.10.2018;Android;23453
07.10.2018;iOS;62278
07.10.2018;mobile_web;27522
07.10.2018;web;71320
08.10.2018;Android;27503
08.10.2018;iOS;69131
08.10.2018;mobile_web;27985
08.10.2018;web;122948
09.10.2018;Android;25841
09.10.2018;iOS;72543
09.10.2018;mobile_web;32506
09.10.2018;web;108460
10.10.2018;Android;30568
10.10.2018;iOS;64136
10.10.2018;mobile_web;26586
10.10.2018;web;122894
11.10.2018;Android;26325
11.10.2018;iOS;71162
11.10.2018;mobile_web;24936
11.10.2018;web;113490
12.10.2018;Android;23825
12.10.2018;iOS;56731
12.10.2018;mobile_web;25641
12.10.2018;web;94146
13.10.2018;Android;22058
13.10.2018;iOS;66570
13.10.2018;mobile_web;24093
13.10.2018;web;75613
14.10.2018;Android;27561
14.10.2018;iOS;65057
14.10.2018;mobile_web;29464
14.10.2018;web;76997
15.10.2018;Android;25553
15.10.2018;iOS;63363
15.10.2018;mobile_web;26161
15.10.2018;web;130270
16.10.2018;Android;26290
16.10.2018;iOS;62942
16.10.2018;mobile_web;28860
16.10.2018;web;110657
17.10.2018;Android;30145
17.10.2018;iOS;77067
17.10.2018;mobile_web;28655
17.10.2018;web;112385
18.10.2018;Android;28857
18.10.2018;iOS;70449
18.10.2018;mobile_web;28596
18.10.2018;web;107635
19.10.2018;Android;28539
19.10.2018;iOS;65678
19.10.2018;mobile_web;24116
19.10.2018;web;89527
20.10.2018;Android;22900
20.10.2018;iOS;48557
20.10.2018;mobile_web;28718
20.10.2018;web;72511
21.10.2018;Android;23238
21.10.2018;iOS;70739
21.10.2018;mobile_web;28150
21.10.2018;web;71352
22.10.2018;Android;29662
22.10.2018;iOS;71672
22.10.2018;mobile_web;31891
22.10.2018;web;127007
23.10.2018;Android;30820
23.10.2018;iOS;75193
23.10.2018;mobile_web;29197
23.10.2018;web;128498
24.10.2018;Android;29215
24.10.2018;iOS;67492
24.10.2018;mobile_web;27862
24.10.2018;web;114305
25.10.2018;Android;31751
25.10.2018;iOS;73486
25.10.2018;mobile_web;32089
25.10.2018;web;125033
26.10.2018;Android;26836
26.10.2018;iOS;62227
26.10.2018;mobile_web;29626
26.10.2018;web;98651
27.10.2018;Android;25336
27.10.2018;iOS;53717
27.10.2018;mobile_web;27542
27.10.2018;web;68099
28.10.2018;Android;26842
28.10.2018;iOS;60275
28.10.2018;mobile_web;27471
28.10.2018;web;87145
29.10.2018;Android;27808
29.10.2018;iOS;71362
29.10.2018;mobile_web;26871
29.10.2018;web;119672
30.10.2018;Android;25991
30.10.2018;iOS;62912
30.10.2018;mobile_web;26315
30.10.2018;web;112411
31.10.2018;Android;25572
31.10.2018;iOS;56866
31.10.2018;mobile_web;26498
31.10.2018;web;121004
01.11.2018;Android;29606
01.11.2018;iOS;57807
01.11.2018;mobile_web;27062
01.11.2018;web;118726
02.11.2018;Android;24785
02.11.2018;iOS;71971
02.11.2018;mobile_web;24477
02.11.2018;web;92687
03.11.2018;Android;23889
03.11.2018;iOS;64907
03.11.2018;mobile_web;22233
03.11.2018;web;71237
04.11.2018;Android;23112
04.11.2018;iOS;56310
04.11.2018;mobile_web;26977
04.11.2018;web;67644
05.11.2018;Android;26522
05.11.2018;iOS;59008
05.11.2018;mobile_web;29893
05.11.2018;web;88783
06.11.2018;Android;24989
06.11.2018;iOS;67548
06.11.2018;mobile_web;25282
06.11.2018;web;139726
07.11.2018;Android;23229
07.11.2018;iOS;74851
07.11.2018;mobile_web;29925
07.11.2018;web;154042
08.11.2018;Android;24977
08.11.2018;iOS;53372
08.11.2018;mobile_web;26667
08.11.2018;web;125612
09.11.2018;Android;23064
09.11.2018;iOS;60469
09.11.2018;mobile_web;30077
09.11.2018;web;140064
10.11.2018;Android;23505
10.11.2018;iOS;54459
10.11.2018;mobile_web;27611
10.11.2018;web;101260
11.11.2018;Android;23926
11.11.2018;iOS;61498
11.11.2018;mobile_web;32443
11.11.2018;web;135396
12.11.2018;Android;25855
12.11.2018;iOS;64896
12.11.2018;mobile_web;26404
12.11.2018;web;145997
13.11.2018;Android;24530
13.11.2018;iOS;66639
13.11.2018;mobile_web;28943
13.11.2018;web;106508
14.11.2018;Android;29485
14.11.2018;iOS;72949
14.11.2018;mobile_web;30298
14.11.2018;web;112058
15.11.2018;Android;29760
15.11.2018;iOS;66073
15.11.2018;mobile_web;25555
15.11.2018;web;110221
16.11.2018;Android;24434
16.11.2018;iOS;58267
16.11.2018;mobile_web;24131
16.11.2018;web;108688
17.11.2018;Android;24641
17.11.2018;iOS;53140
17.11.2018;mobile_web;23466
17.11.2018;web;71737
18.11.2018;Android;30507
18.11.2018;iOS;56196
18.11.2018;mobile_web;23747
18.11.2018;web;89428
19.11.2018;Android;29900
19.11.2018;iOS;66847
19.11.2018;mobile_web;29943
19.11.2018;web;125508
20.11.2018;Android;31387
20.11.2018;iOS;58858
20.11.2018;mobile_web;28492
20.11.2018;web;125097
21.11.2018;Android;28645
21.11.2018;iOS;68921
21.11.2018;mobile_web;28536
21.11.2018;web;130487
22.11.2018;Android;29225
22.11.2018;iOS;66228
22.11.2018;mobile_web;29293
22.11.2018;web;118203
23.11.2018;Android;35334
23.11.2018;iOS;86542
23.11.2018;mobile_web;32475
23.11.2018;web;151879
24.11.2018;Android;30656
24.11.2018;iOS;71927
24.11.2018;mobile_web;25343
24.11.2018;web;84767
25.11.2018;Android;29490
25.11.2018;iOS;66332
25.11.2018;mobile_web;23425
25.11.2018;web;79896
26.11.2018;Android;27266
26.11.2018;iOS;61392
26.11.2018;mobile_web;30073
26.11.2018;web;106716
27.11.2018;Android;27135
27.11.2018;iOS;64429
27.11.2018;mobile_web;29130
27.11.2018;web;98156
28.11.2018;Android;29174
28.11.2018;iOS;64375
28.11.2018;mobile_web;25974
28.11.2018;web;95813
29.11.2018;Android;28031
29.11.2018;iOS;67936
29.11.2018;mobile_web;22992
29.11.2018;web;97286
30.11.2018;Android;28572
30.11.2018;iOS;57109
30.11.2018;mobile_web;24814
30.11.2018;web;86200
01.12.2018;Android;29254
01.12.2018;iOS;63582
01.12.2018;mobile_web;27417
01.12.2018;web;72908
02.12.2018;Android;26386
02.12.2018;iOS;65716
02.12.2018;mobile_web;30189
02.12.2018;web;70318
03.12.2018;Android;27923
03.12.2018;iOS;74525
03.12.2018;mobile_web;29336
03.12.2018;web;108211
04.12.2018;Android;31010
04.12.2018;iOS;67053
04.12.2018;mobile_web;28585
04.12.2018;web;97821
05.12.2018;Android;27027
05.12.2018;iOS;68049
05.12.2018;mobile_web;25861
05.12.2018;web;102302
06.12.2018;Android;26960
06.12.2018;iOS;67424
06.12.2018;mobile_web;23989
06.12.2018;web;111086
07.12.2018;Android;23490
07.12.2018;iOS;54387
07.12.2018;mobile_web;26970
07.12.2018;web;87172
08.12.2018;Android;28460
08.12.2018;iOS;59570
08.12.2018;mobile_web;24081
08.12.2018;web;66944
09.12.2018;Android;29304
09.12.2018;iOS;60820
09.12.2018;mobile_web;30984
09.12.2018;web;73094
10.12.2018;Android;25954
10.12.2018;iOS;77358
10.12.2018;mobile_web;26489
10.12.2018;web;132783
11.12.2018;Android;29257
11.12.2018;iOS;71619
11.12.2018;mobile_web;24429
11.12.2018;web;129528
12.12.2018;Android;27164
12.12.2018;iOS;75222
12.12.2018;mobile_web;27463
12.12.2018;web;128455
13.12.2018;Android;27486
13.12.2018;iOS;56178
13.12.2018;mobile_web;27332
13.12.2018;web;114508
14.12.2018;Android;30048
14.12.2018;iOS;52576
14.12.2018;mobile_web;23164
14.12.2018;web;104136
15.12.2018;Android;25788
15.12.2018;iOS;59213
15.12.2018;mobile_web;25806
15.12.2018;web;100612
16.12.2018;Android;27233
16.12.2018;iOS;53908
16.12.2018;mobile_web;26107
16.12.2018;web;113805
17.12.2018;Android;29691
17.12.2018;iOS;71615
17.12.2018;mobile_web;26656
17.12.2018;web;148386
18.12.2018;Android;26935
18.12.2018;iOS;71147
18.12.2018;mobile_web;29780
18.12.2018;web;107845
19.12.2018;Android;25272
19.12.2018;iOS;58117
19.12.2018;mobile_web;23577
19.12.2018;web;122345
20.12.2018;Android;25685
20.12.2018;iOS;50991
20.12.2018;mobile_web;24958
20.12.2018;web;115888
21.12.2018;Android;28700
21.12.2018;iOS;54903
21.12.2018;mobile_web;22110
21.12.2018;web;98258
22.12.2018;Android;24481
22.12.2018;iOS;59799
22.12.2018;mobile_web;22321
22.12.2018;web;83497
23.12.2018;Android;23416
23.12.2018;iOS;49910
23.12.2018;mobile_web;23937
23.12.2018;web;90247
24.12.2018;Android;26044
24.12.2018;iOS;54603
24.12.2018;mobile_web;28508
24.12.2018;web;123044
25.12.2018;Android;29771
25.12.2018;iOS;61390
25.12.2018;mobile_web;26622
25.12.2018;web;103487
26.12.2018;Android;27892
26.12.2018;iOS;64896
26.12.2018;mobile_web;25065
26.12.2018;web;104598
27.12.2018;Android;29327
27.12.2018;iOS;59332
27.12.2018;mobile_web;26033
27.12.2018;web;111120
28.12.2018;Android;25078
28.12.2018;iOS;61249
28.12.2018;mobile_web;23077
28.12.2018;web;93048
29.12.2018;Android;25013
29.12.2018;iOS;67328
29.12.2018;mobile_web;25170
29.12.2018;web;90239
30.12.2018;Android;22245
30.12.2018;iOS;52712
30.12.2018;mobile_web;24886
30.12.2018;web;74387
31.12.2018;Android;18125
31.12.2018;iOS;36215
31.12.2018;mobile_web;15476
31.12.2018;web;60397
